order_id,date,item_name,item_type,item_price,quantity,transaction_amount,transaction_type,received_by,time_of_sale,expected_amount,year,month,day,quarter,weekday,week_of_year,is_weekend,basket_size,avg_order_value,product_rank,top_product_flag
691,2022-04-01,Sandwich,Fastfood,60,7,420,Cash,Mrs.,Evening,420,2022,4,1,2,Friday,13,False,7,420,1.0,True
623,2022-04-02,Cold Coffee,Beverages,40,15,600,Cash,Mr.,Midnight,600,2022,4,2,2,Saturday,13,True,15,600,3.0,True
572,2022-04-02,Sandwich,Fastfood,60,15,900,Cash,Mr.,Afternoon,900,2022,4,2,2,Saturday,13,True,15,900,1.0,True
520,2022-04-03,Panipuri,Fastfood,20,11,220,Online,Mrs.,Night,220,2022,4,3,2,Sunday,13,True,11,220,5.0,True
413,2022-04-03,Aalopuri,Fastfood,20,10,200,Online,Mrs.,Midnight,200,2022,4,3,2,Sunday,13,True,10,200,6.0,False
394,2022-04-03,Sandwich,Fastfood,60,1,60,Cash,Mrs.,Morning,60,2022,4,3,2,Sunday,13,True,1,60,1.0,True
605,2022-04-04,Cold Coffee,Beverages,40,15,600,Unknown,Mrs.,Afternoon,600,2022,4,4,2,Monday,14,False,15,600,3.0,True
510,2022-04-04,Sandwich,Fastfood,60,14,840,Online,Mr.,Afternoon,840,2022,4,4,2,Monday,14,False,14,840,1.0,True
334,2022-04-04,Cold Coffee,Beverages,40,4,160,Cash,Mrs.,Evening,160,2022,4,4,2,Monday,14,False,4,160,3.0,True
906,2022-04-04,Sandwich,Fastfood,60,15,900,Cash,Mr.,Afternoon,900,2022,4,4,2,Monday,14,False,15,900,1.0,True
66,2022-04-05,Frankie,Fastfood,50,2,100,Cash,Mrs.,Morning,100,2022,4,5,2,Tuesday,14,False,2,100,2.0,True
650,2022-04-07,Sandwich,Fastfood,60,13,780,Online,Mrs.,Morning,780,2022,4,7,2,Thursday,14,False,13,780,1.0,True
928,2022-04-07,Sandwich,Fastfood,60,11,660,Online,Mr.,Evening,660,2022,4,7,2,Thursday,14,False,11,660,1.0,True
791,2022-04-07,Vadapav,Fastfood,20,3,60,Unknown,Mr.,Midnight,60,2022,4,7,2,Thursday,14,False,3,60,7.0,False
500,2022-04-08,Vadapav,Fastfood,20,4,80,Online,Mrs.,Midnight,80,2022,4,8,2,Friday,14,False,4,80,7.0,False
618,2022-04-08,Frankie,Fastfood,50,1,50,Online,Mr.,Evening,50,2022,4,8,2,Friday,14,False,1,50,2.0,True
126,2022-04-08,Panipuri,Fastfood,20,11,220,Online,Mrs.,Night,220,2022,4,8,2,Friday,14,False,11,220,5.0,True
587,2022-04-09,Aalopuri,Fastfood,20,10,200,Cash,Mrs.,Night,200,2022,4,9,2,Saturday,14,True,10,200,6.0,False
606,2022-04-09,Cold Coffee,Beverages,40,6,240,Cash,Mrs.,Night,240,2022,4,9,2,Saturday,14,True,6,240,3.0,True
762,2022-04-09,Vadapav,Fastfood,20,12,240,Online,Mrs.,Midnight,240,2022,4,9,2,Saturday,14,True,12,240,7.0,False
911,2022-04-09,Sandwich,Fastfood,60,1,60,Cash,Mr.,Evening,60,2022,4,9,2,Saturday,14,True,1,60,1.0,True
543,2022-04-10,Aalopuri,Fastfood,20,15,300,Cash,Mrs.,Evening,300,2022,4,10,2,Sunday,14,True,15,300,6.0,False
925,2022-04-10,Frankie,Fastfood,50,4,200,Online,Mrs.,Afternoon,200,2022,4,10,2,Sunday,14,True,4,200,2.0,True
125,2022-04-10,Vadapav,Fastfood,20,7,140,Cash,Mrs.,Midnight,140,2022,4,10,2,Sunday,14,True,7,140,7.0,False
203,2022-04-11,Vadapav,Fastfood,20,6,120,Online,Mrs.,Midnight,120,2022,4,11,2,Monday,15,False,6,120,7.0,False
715,2022-04-12,Sandwich,Fastfood,60,1,60,Online,Mr.,Morning,60,2022,4,12,2,Tuesday,15,False,1,60,1.0,True
889,2022-04-12,Vadapav,Fastfood,20,10,200,Online,Mr.,Midnight,200,2022,4,12,2,Tuesday,15,False,10,200,7.0,False
16,2022-04-14,Sandwich,Fastfood,60,11,660,Unknown,Mrs.,Midnight,660,2022,4,14,2,Thursday,15,False,11,660,1.0,True
549,2022-04-15,Sugarcane Juice,Beverages,25,3,75,Online,Mr.,Afternoon,75,2022,4,15,2,Friday,15,False,3,75,4.0,True
231,2022-04-16,Sugarcane Juice,Beverages,25,3,75,Unknown,Mr.,Night,75,2022,4,16,2,Saturday,15,True,3,75,4.0,True
555,2022-04-16,Sandwich,Fastfood,60,6,360,Cash,Mrs.,Evening,360,2022,4,16,2,Saturday,15,True,6,360,1.0,True
230,2022-04-16,Frankie,Fastfood,50,6,300,Online,Mr.,Afternoon,300,2022,4,16,2,Saturday,15,True,6,300,2.0,True
248,2022-04-17,Frankie,Fastfood,50,5,250,Online,Mrs.,Midnight,250,2022,4,17,2,Sunday,15,True,5,250,2.0,True
675,2022-04-17,Sandwich,Fastfood,60,12,720,Cash,Mr.,Night,720,2022,4,17,2,Sunday,15,True,12,720,1.0,True
976,2022-04-17,Sugarcane Juice,Beverages,25,11,275,Unknown,Mrs.,Morning,275,2022,4,17,2,Sunday,15,True,11,275,4.0,True
211,2022-04-18,Aalopuri,Fastfood,20,12,240,Cash,Mr.,Morning,240,2022,4,18,2,Monday,16,False,12,240,6.0,False
313,2022-04-19,Cold Coffee,Beverages,40,1,40,Cash,Mr.,Midnight,40,2022,4,19,2,Tuesday,16,False,1,40,3.0,True
168,2022-04-19,Sandwich,Fastfood,60,4,240,Cash,Mrs.,Midnight,240,2022,4,19,2,Tuesday,16,False,4,240,1.0,True
815,2022-04-20,Cold Coffee,Beverages,40,12,480,Online,Mrs.,Afternoon,480,2022,4,20,2,Wednesday,16,False,12,480,3.0,True
680,2022-04-20,Cold Coffee,Beverages,40,4,160,Cash,Mr.,Night,160,2022,4,20,2,Wednesday,16,False,4,160,3.0,True
846,2022-04-20,Aalopuri,Fastfood,20,5,100,Online,Mr.,Afternoon,100,2022,4,20,2,Wednesday,16,False,5,100,6.0,False
391,2022-04-21,Aalopuri,Fastfood,20,1,20,Online,Mrs.,Night,20,2022,4,21,2,Thursday,16,False,1,20,6.0,False
424,2022-04-21,Sugarcane Juice,Beverages,25,9,225,Online,Mrs.,Midnight,225,2022,4,21,2,Thursday,16,False,9,225,4.0,True
293,2022-04-21,Panipuri,Fastfood,20,8,160,Online,Mrs.,Morning,160,2022,4,21,2,Thursday,16,False,8,160,5.0,True
694,2022-04-22,Panipuri,Fastfood,20,14,280,Cash,Mr.,Midnight,280,2022,4,22,2,Friday,16,False,14,280,5.0,True
882,2022-04-23,Panipuri,Fastfood,20,9,180,Online,Mr.,Morning,180,2022,4,23,2,Saturday,16,True,9,180,5.0,True
195,2022-04-23,Sandwich,Fastfood,60,4,240,Cash,Mrs.,Night,240,2022,4,23,2,Saturday,16,True,4,240,1.0,True
581,2022-04-23,Sugarcane Juice,Beverages,25,13,325,Cash,Mr.,Afternoon,325,2022,4,23,2,Saturday,16,True,13,325,4.0,True
232,2022-04-23,Vadapav,Fastfood,20,13,260,Cash,Mrs.,Night,260,2022,4,23,2,Saturday,16,True,13,260,7.0,False
462,2022-04-24,Vadapav,Fastfood,20,3,60,Cash,Mr.,Morning,60,2022,4,24,2,Sunday,16,True,3,60,7.0,False
378,2022-04-24,Vadapav,Fastfood,20,2,40,Cash,Mrs.,Midnight,40,2022,4,24,2,Sunday,16,True,2,40,7.0,False
122,2022-04-24,Panipuri,Fastfood,20,3,60,Unknown,Mrs.,Night,60,2022,4,24,2,Sunday,16,True,3,60,5.0,True
385,2022-04-25,Vadapav,Fastfood,20,5,100,Cash,Mr.,Morning,100,2022,4,25,2,Monday,17,False,5,100,7.0,False
310,2022-04-25,Vadapav,Fastfood,20,4,80,Cash,Mr.,Afternoon,80,2022,4,25,2,Monday,17,False,4,80,7.0,False
636,2022-04-26,Cold Coffee,Beverages,40,12,480,Unknown,Mr.,Morning,480,2022,4,26,2,Tuesday,17,False,12,480,3.0,True
238,2022-04-26,Vadapav,Fastfood,20,13,260,Cash,Mr.,Morning,260,2022,4,26,2,Tuesday,17,False,13,260,7.0,False
596,2022-04-26,Cold Coffee,Beverages,40,1,40,Online,Mrs.,Night,40,2022,4,26,2,Tuesday,17,False,1,40,3.0,True
190,2022-04-26,Cold Coffee,Beverages,40,1,40,Online,Mr.,Evening,40,2022,4,26,2,Tuesday,17,False,1,40,3.0,True
483,2022-04-27,Panipuri,Fastfood,20,9,180,Cash,Mrs.,Morning,180,2022,4,27,2,Wednesday,17,False,9,180,5.0,True
579,2022-04-27,Panipuri,Fastfood,20,2,40,Cash,Mr.,Evening,40,2022,4,27,2,Wednesday,17,False,2,40,5.0,True
801,2022-04-28,Aalopuri,Fastfood,20,7,140,Cash,Mrs.,Evening,140,2022,4,28,2,Thursday,17,False,7,140,6.0,False
783,2022-04-29,Aalopuri,Fastfood,20,8,160,Cash,Mr.,Morning,160,2022,4,29,2,Friday,17,False,8,160,6.0,False
956,2022-04-30,Frankie,Fastfood,50,13,650,Online,Mr.,Morning,650,2022,4,30,2,Saturday,17,True,13,650,2.0,True
297,2022-04-30,Sandwich,Fastfood,60,10,600,Online,Mr.,Evening,600,2022,4,30,2,Saturday,17,True,10,600,1.0,True
986,2022-04-30,Sugarcane Juice,Beverages,25,13,325,Online,Mr.,Night,325,2022,4,30,2,Saturday,17,True,13,325,4.0,True
255,2022-04-30,Vadapav,Fastfood,20,7,140,Unknown,Mrs.,Afternoon,140,2022,4,30,2,Saturday,17,True,7,140,7.0,False
524,2022-05-01,Aalopuri,Fastfood,20,13,260,Online,Mr.,Afternoon,260,2022,5,1,2,Sunday,17,True,13,260,6.0,False
628,2022-05-02,Cold Coffee,Beverages,40,10,400,Unknown,Mrs.,Night,400,2022,5,2,2,Monday,18,False,10,400,3.0,True
271,2022-05-03,Vadapav,Fastfood,20,13,260,Cash,Mr.,Evening,260,2022,5,3,2,Tuesday,18,False,13,260,7.0,False
7,2022-05-03,Sugarcane Juice,Beverages,25,9,225,Cash,Mr.,Evening,225,2022,5,3,2,Tuesday,18,False,9,225,4.0,True
326,2022-05-03,Sandwich,Fastfood,60,8,480,Cash,Mr.,Evening,480,2022,5,3,2,Tuesday,18,False,8,480,1.0,True
290,2022-05-03,Panipuri,Fastfood,20,7,140,Cash,Mrs.,Morning,140,2022,5,3,2,Tuesday,18,False,7,140,5.0,True
676,2022-05-04,Frankie,Fastfood,50,7,350,Cash,Mrs.,Evening,350,2022,5,4,2,Wednesday,18,False,7,350,2.0,True
844,2022-05-04,Sugarcane Juice,Beverages,25,13,325,Cash,Mr.,Morning,325,2022,5,4,2,Wednesday,18,False,13,325,4.0,True
856,2022-05-04,Aalopuri,Fastfood,20,11,220,Cash,Mrs.,Night,220,2022,5,4,2,Wednesday,18,False,11,220,6.0,False
525,2022-05-04,Vadapav,Fastfood,20,3,60,Cash,Mr.,Midnight,60,2022,5,4,2,Wednesday,18,False,3,60,7.0,False
697,2022-05-05,Sugarcane Juice,Beverages,25,5,125,Cash,Mr.,Midnight,125,2022,5,5,2,Thursday,18,False,5,125,4.0,True
852,2022-05-05,Sugarcane Juice,Beverages,25,8,200,Online,Mr.,Night,200,2022,5,5,2,Thursday,18,False,8,200,4.0,True
322,2022-05-05,Cold Coffee,Beverages,40,11,440,Cash,Mr.,Morning,440,2022,5,5,2,Thursday,18,False,11,440,3.0,True
212,2022-05-05,Cold Coffee,Beverages,40,12,480,Online,Mrs.,Morning,480,2022,5,5,2,Thursday,18,False,12,480,3.0,True
665,2022-05-06,Aalopuri,Fastfood,20,14,280,Online,Mrs.,Evening,280,2022,5,6,2,Friday,18,False,14,280,6.0,False
383,2022-05-06,Aalopuri,Fastfood,20,7,140,Online,Mrs.,Morning,140,2022,5,6,2,Friday,18,False,7,140,6.0,False
338,2022-05-06,Sugarcane Juice,Beverages,25,12,300,Cash,Mr.,Morning,300,2022,5,6,2,Friday,18,False,12,300,4.0,True
32,2022-05-06,Aalopuri,Fastfood,20,4,80,Unknown,Mr.,Morning,80,2022,5,6,2,Friday,18,False,4,80,6.0,False
162,2022-05-07,Aalopuri,Fastfood,20,11,220,Cash,Mr.,Midnight,220,2022,5,7,2,Saturday,18,True,11,220,6.0,False
55,2022-05-07,Sandwich,Fastfood,60,10,600,Cash,Mr.,Night,600,2022,5,7,2,Saturday,18,True,10,600,1.0,True
46,2022-05-07,Vadapav,Fastfood,20,7,140,Cash,Mr.,Evening,140,2022,5,7,2,Saturday,18,True,7,140,7.0,False
964,2022-05-07,Cold Coffee,Beverages,40,8,320,Cash,Mr.,Evening,320,2022,5,7,2,Saturday,18,True,8,320,3.0,True
610,2022-05-08,Frankie,Fastfood,50,13,650,Online,Mrs.,Evening,650,2022,5,8,2,Sunday,18,True,13,650,2.0,True
839,2022-05-08,Sugarcane Juice,Beverages,25,4,100,Cash,Mrs.,Afternoon,100,2022,5,8,2,Sunday,18,True,4,100,4.0,True
805,2022-05-08,Sugarcane Juice,Beverages,25,1,25,Online,Mr.,Afternoon,25,2022,5,8,2,Sunday,18,True,1,25,4.0,True
373,2022-05-08,Sugarcane Juice,Beverages,25,12,300,Cash,Mrs.,Midnight,300,2022,5,8,2,Sunday,18,True,12,300,4.0,True
435,2022-05-08,Sandwich,Fastfood,60,1,60,Cash,Mrs.,Afternoon,60,2022,5,8,2,Sunday,18,True,1,60,1.0,True
100,2022-05-08,Panipuri,Fastfood,20,11,220,Unknown,Mr.,Morning,220,2022,5,8,2,Sunday,18,True,11,220,5.0,True
874,2022-05-09,Cold Coffee,Beverages,40,4,160,Cash,Mr.,Midnight,160,2022,5,9,2,Monday,19,False,4,160,3.0,True
345,2022-05-09,Panipuri,Fastfood,20,14,280,Online,Mrs.,Night,280,2022,5,9,2,Monday,19,False,14,280,5.0,True
42,2022-05-09,Aalopuri,Fastfood,20,8,160,Online,Mrs.,Night,160,2022,5,9,2,Monday,19,False,8,160,6.0,False
363,2022-05-09,Frankie,Fastfood,50,9,450,Online,Mr.,Afternoon,450,2022,5,9,2,Monday,19,False,9,450,2.0,True
719,2022-05-09,Vadapav,Fastfood,20,15,300,Cash,Mrs.,Midnight,300,2022,5,9,2,Monday,19,False,15,300,7.0,False
873,2022-05-09,Sugarcane Juice,Beverages,25,1,25,Online,Mr.,Night,25,2022,5,9,2,Monday,19,False,1,25,4.0,True
70,2022-05-09,Cold Coffee,Beverages,40,14,560,Unknown,Mrs.,Morning,560,2022,5,9,2,Monday,19,False,14,560,3.0,True
642,2022-05-09,Cold Coffee,Beverages,40,10,400,Online,Mrs.,Morning,400,2022,5,9,2,Monday,19,False,10,400,3.0,True
720,2022-05-10,Frankie,Fastfood,50,14,700,Cash,Mrs.,Morning,700,2022,5,10,2,Tuesday,19,False,14,700,2.0,True
668,2022-05-11,Aalopuri,Fastfood,20,4,80,Online,Mr.,Morning,80,2022,5,11,2,Wednesday,19,False,4,80,6.0,False
119,2022-05-12,Panipuri,Fastfood,20,10,200,Cash,Mr.,Evening,200,2022,5,12,2,Thursday,19,False,10,200,5.0,True
95,2022-05-12,Sugarcane Juice,Beverages,25,8,200,Online,Mr.,Night,200,2022,5,12,2,Thursday,19,False,8,200,4.0,True
944,2022-05-12,Aalopuri,Fastfood,20,2,40,Cash,Mr.,Midnight,40,2022,5,12,2,Thursday,19,False,2,40,6.0,False
582,2022-05-12,Aalopuri,Fastfood,20,13,260,Cash,Mr.,Morning,260,2022,5,12,2,Thursday,19,False,13,260,6.0,False
344,2022-05-13,Cold Coffee,Beverages,40,14,560,Cash,Mr.,Night,560,2022,5,13,2,Friday,19,False,14,560,3.0,True
220,2022-05-13,Sugarcane Juice,Beverages,25,1,25,Cash,Mr.,Afternoon,25,2022,5,13,2,Friday,19,False,1,25,4.0,True
92,2022-05-13,Aalopuri,Fastfood,20,15,300,Cash,Mr.,Afternoon,300,2022,5,13,2,Friday,19,False,15,300,6.0,False
547,2022-05-14,Cold Coffee,Beverages,40,10,400,Online,Mr.,Morning,400,2022,5,14,2,Saturday,19,True,10,400,3.0,True
688,2022-05-14,Frankie,Fastfood,50,5,250,Online,Mr.,Afternoon,250,2022,5,14,2,Saturday,19,True,5,250,2.0,True
39,2022-05-14,Vadapav,Fastfood,20,2,40,Online,Mr.,Evening,40,2022,5,14,2,Saturday,19,True,2,40,7.0,False
637,2022-05-14,Aalopuri,Fastfood,20,7,140,Cash,Mr.,Midnight,140,2022,5,14,2,Saturday,19,True,7,140,6.0,False
529,2022-05-15,Aalopuri,Fastfood,20,12,240,Unknown,Mrs.,Afternoon,240,2022,5,15,2,Sunday,19,True,12,240,6.0,False
917,2022-05-15,Vadapav,Fastfood,20,15,300,Online,Mr.,Evening,300,2022,5,15,2,Sunday,19,True,15,300,7.0,False
67,2022-05-15,Aalopuri,Fastfood,20,9,180,Cash,Mr.,Midnight,180,2022,5,15,2,Sunday,19,True,9,180,6.0,False
945,2022-05-15,Cold Coffee,Beverages,40,2,80,Online,Mrs.,Afternoon,80,2022,5,15,2,Sunday,19,True,2,80,3.0,True
469,2022-05-15,Sandwich,Fastfood,60,7,420,Online,Mrs.,Morning,420,2022,5,15,2,Sunday,19,True,7,420,1.0,True
158,2022-05-16,Aalopuri,Fastfood,20,2,40,Unknown,Mr.,Midnight,40,2022,5,16,2,Monday,20,False,2,40,6.0,False
534,2022-05-16,Vadapav,Fastfood,20,2,40,Online,Mrs.,Night,40,2022,5,16,2,Monday,20,False,2,40,7.0,False
51,2022-05-16,Frankie,Fastfood,50,15,750,Online,Mrs.,Morning,750,2022,5,16,2,Monday,20,False,15,750,2.0,True
282,2022-05-16,Vadapav,Fastfood,20,13,260,Unknown,Mrs.,Morning,260,2022,5,16,2,Monday,20,False,13,260,7.0,False
147,2022-05-17,Panipuri,Fastfood,20,7,140,Online,Mr.,Evening,140,2022,5,17,2,Tuesday,20,False,7,140,5.0,True
962,2022-05-18,Frankie,Fastfood,50,13,650,Online,Mrs.,Afternoon,650,2022,5,18,2,Wednesday,20,False,13,650,2.0,True
353,2022-05-18,Vadapav,Fastfood,20,4,80,Online,Mrs.,Midnight,80,2022,5,18,2,Wednesday,20,False,4,80,7.0,False
837,2022-05-19,Aalopuri,Fastfood,20,7,140,Cash,Mr.,Midnight,140,2022,5,19,2,Thursday,20,False,7,140,6.0,False
677,2022-05-19,Cold Coffee,Beverages,40,3,120,Online,Mrs.,Morning,120,2022,5,19,2,Thursday,20,False,3,120,3.0,True
450,2022-05-20,Sugarcane Juice,Beverages,25,1,25,Online,Mr.,Morning,25,2022,5,20,2,Friday,20,False,1,25,4.0,True
191,2022-05-20,Sugarcane Juice,Beverages,25,14,350,Cash,Mrs.,Morning,350,2022,5,20,2,Friday,20,False,14,350,4.0,True
685,2022-05-20,Aalopuri,Fastfood,20,3,60,Cash,Mrs.,Afternoon,60,2022,5,20,2,Friday,20,False,3,60,6.0,False
377,2022-05-20,Sugarcane Juice,Beverages,25,3,75,Online,Mrs.,Evening,75,2022,5,20,2,Friday,20,False,3,75,4.0,True
652,2022-05-21,Cold Coffee,Beverages,40,13,520,Online,Mrs.,Afternoon,520,2022,5,21,2,Saturday,20,True,13,520,3.0,True
817,2022-05-21,Aalopuri,Fastfood,20,12,240,Cash,Mrs.,Evening,240,2022,5,21,2,Saturday,20,True,12,240,6.0,False
979,2022-05-21,Aalopuri,Fastfood,20,13,260,Cash,Mrs.,Midnight,260,2022,5,21,2,Saturday,20,True,13,260,6.0,False
427,2022-05-21,Sandwich,Fastfood,60,2,120,Online,Mr.,Afternoon,120,2022,5,21,2,Saturday,20,True,2,120,1.0,True
798,2022-05-22,Frankie,Fastfood,50,12,600,Unknown,Mr.,Night,600,2022,5,22,2,Sunday,20,True,12,600,2.0,True
586,2022-05-22,Sandwich,Fastfood,60,15,900,Online,Mr.,Night,900,2022,5,22,2,Sunday,20,True,15,900,1.0,True
35,2022-05-22,Vadapav,Fastfood,20,8,160,Cash,Mr.,Morning,160,2022,5,22,2,Sunday,20,True,8,160,7.0,False
958,2022-05-22,Sandwich,Fastfood,60,11,660,Online,Mrs.,Night,660,2022,5,22,2,Sunday,20,True,11,660,1.0,True
806,2022-05-23,Vadapav,Fastfood,20,3,60,Online,Mr.,Evening,60,2022,5,23,2,Monday,21,False,3,60,7.0,False
678,2022-05-23,Aalopuri,Fastfood,20,3,60,Online,Mr.,Evening,60,2022,5,23,2,Monday,21,False,3,60,6.0,False
80,2022-05-24,Frankie,Fastfood,50,13,650,Cash,Mr.,Evening,650,2022,5,24,2,Tuesday,21,False,13,650,2.0,True
633,2022-05-24,Cold Coffee,Beverages,40,3,120,Online,Mr.,Evening,120,2022,5,24,2,Tuesday,21,False,3,120,3.0,True
842,2022-05-25,Panipuri,Fastfood,20,2,40,Cash,Mrs.,Evening,40,2022,5,25,2,Wednesday,21,False,2,40,5.0,True
834,2022-05-25,Sugarcane Juice,Beverages,25,14,350,Cash,Mr.,Evening,350,2022,5,25,2,Wednesday,21,False,14,350,4.0,True
881,2022-05-25,Sandwich,Fastfood,60,2,120,Cash,Mr.,Midnight,120,2022,5,25,2,Wednesday,21,False,2,120,1.0,True
352,2022-05-25,Frankie,Fastfood,50,11,550,Cash,Mrs.,Night,550,2022,5,25,2,Wednesday,21,False,11,550,2.0,True
356,2022-05-26,Sugarcane Juice,Beverages,25,14,350,Cash,Mrs.,Night,350,2022,5,26,2,Thursday,21,False,14,350,4.0,True
43,2022-05-26,Vadapav,Fastfood,20,1,20,Cash,Mr.,Night,20,2022,5,26,2,Thursday,21,False,1,20,7.0,False
23,2022-05-26,Sandwich,Fastfood,60,3,180,Online,Mr.,Midnight,180,2022,5,26,2,Thursday,21,False,3,180,1.0,True
781,2022-05-27,Aalopuri,Fastfood,20,10,200,Online,Mr.,Midnight,200,2022,5,27,2,Friday,21,False,10,200,6.0,False
433,2022-05-27,Panipuri,Fastfood,20,14,280,Online,Mrs.,Evening,280,2022,5,27,2,Friday,21,False,14,280,5.0,True
487,2022-05-27,Sandwich,Fastfood,60,9,540,Cash,Mrs.,Midnight,540,2022,5,27,2,Friday,21,False,9,540,1.0,True
648,2022-05-27,Sandwich,Fastfood,60,7,420,Cash,Mr.,Night,420,2022,5,27,2,Friday,21,False,7,420,1.0,True
540,2022-05-27,Vadapav,Fastfood,20,13,260,Cash,Mr.,Afternoon,260,2022,5,27,2,Friday,21,False,13,260,7.0,False
630,2022-05-27,Frankie,Fastfood,50,7,350,Unknown,Mrs.,Morning,350,2022,5,27,2,Friday,21,False,7,350,2.0,True
304,2022-05-28,Vadapav,Fastfood,20,15,300,Online,Mr.,Morning,300,2022,5,28,2,Saturday,21,True,15,300,7.0,False
370,2022-05-28,Panipuri,Fastfood,20,5,100,Unknown,Mrs.,Midnight,100,2022,5,28,2,Saturday,21,True,5,100,5.0,True
1000,2022-05-29,Aalopuri,Fastfood,20,3,60,Online,Mrs.,Midnight,60,2022,5,29,2,Sunday,21,True,3,60,6.0,False
87,2022-05-29,Aalopuri,Fastfood,20,8,160,Cash,Mr.,Night,160,2022,5,29,2,Sunday,21,True,8,160,6.0,False
923,2022-05-30,Cold Coffee,Beverages,40,3,120,Online,Mr.,Morning,120,2022,5,30,2,Monday,22,False,3,120,3.0,True
653,2022-05-30,Frankie,Fastfood,50,10,500,Online,Mrs.,Midnight,500,2022,5,30,2,Monday,22,False,10,500,2.0,True
491,2022-05-31,Vadapav,Fastfood,20,2,40,Online,Mrs.,Midnight,40,2022,5,31,2,Tuesday,22,False,2,40,7.0,False
583,2022-05-31,Frankie,Fastfood,50,8,400,Cash,Mr.,Night,400,2022,5,31,2,Tuesday,22,False,8,400,2.0,True
166,2022-06-01,Panipuri,Fastfood,20,6,120,Cash,Mrs.,Evening,120,2022,6,1,2,Wednesday,22,False,6,120,5.0,True
340,2022-06-02,Cold Coffee,Beverages,40,4,160,Cash,Mrs.,Evening,160,2022,6,2,2,Thursday,22,False,4,160,3.0,True
752,2022-06-04,Panipuri,Fastfood,20,2,40,Online,Mrs.,Morning,40,2022,6,4,2,Saturday,22,True,2,40,5.0,True
647,2022-06-05,Vadapav,Fastfood,20,3,60,Cash,Mr.,Afternoon,60,2022,6,5,2,Sunday,22,True,3,60,7.0,False
538,2022-06-05,Panipuri,Fastfood,20,7,140,Online,Mr.,Morning,140,2022,6,5,2,Sunday,22,True,7,140,5.0,True
241,2022-06-06,Sugarcane Juice,Beverages,25,2,50,Cash,Mr.,Afternoon,50,2022,6,6,2,Monday,23,False,2,50,4.0,True
739,2022-06-06,Aalopuri,Fastfood,20,11,220,Online,Mr.,Night,220,2022,6,6,2,Monday,23,False,11,220,6.0,False
929,2022-06-06,Frankie,Fastfood,50,9,450,Online,Mrs.,Night,450,2022,6,6,2,Monday,23,False,9,450,2.0,True
832,2022-06-06,Sugarcane Juice,Beverages,25,4,100,Cash,Mr.,Morning,100,2022,6,6,2,Monday,23,False,4,100,4.0,True
973,2022-06-07,Sugarcane Juice,Beverages,25,1,25,Unknown,Mrs.,Morning,25,2022,6,7,2,Tuesday,23,False,1,25,4.0,True
769,2022-06-07,Frankie,Fastfood,50,8,400,Cash,Mr.,Morning,400,2022,6,7,2,Tuesday,23,False,8,400,2.0,True
459,2022-06-08,Vadapav,Fastfood,20,14,280,Cash,Mr.,Night,280,2022,6,8,2,Wednesday,23,False,14,280,7.0,False
123,2022-06-09,Cold Coffee,Beverages,40,6,240,Online,Mr.,Evening,240,2022,6,9,2,Thursday,23,False,6,240,3.0,True
181,2022-06-09,Cold Coffee,Beverages,40,7,280,Cash,Mrs.,Night,280,2022,6,9,2,Thursday,23,False,7,280,3.0,True
876,2022-06-10,Cold Coffee,Beverages,40,8,320,Online,Mrs.,Evening,320,2022,6,10,2,Friday,23,False,8,320,3.0,True
9,2022-06-10,Panipuri,Fastfood,20,1,20,Cash,Mrs.,Morning,20,2022,6,10,2,Friday,23,False,1,20,5.0,True
613,2022-06-10,Vadapav,Fastfood,20,5,100,Online,Mrs.,Night,100,2022,6,10,2,Friday,23,False,5,100,7.0,False
463,2022-06-11,Sandwich,Fastfood,60,6,360,Online,Mr.,Midnight,360,2022,6,11,2,Saturday,23,True,6,360,1.0,True
778,2022-06-11,Frankie,Fastfood,50,13,650,Cash,Mr.,Evening,650,2022,6,11,2,Saturday,23,True,13,650,2.0,True
60,2022-06-11,Cold Coffee,Beverages,40,2,80,Online,Mr.,Night,80,2022,6,11,2,Saturday,23,True,2,80,3.0,True
140,2022-06-12,Frankie,Fastfood,50,13,650,Cash,Mr.,Night,650,2022,6,12,2,Sunday,23,True,13,650,2.0,True
922,2022-06-13,Frankie,Fastfood,50,5,250,Online,Mrs.,Evening,250,2022,6,13,2,Monday,24,False,5,250,2.0,True
561,2022-06-13,Panipuri,Fastfood,20,1,20,Cash,Mrs.,Midnight,20,2022,6,13,2,Monday,24,False,1,20,5.0,True
732,2022-06-13,Panipuri,Fastfood,20,7,140,Unknown,Mrs.,Midnight,140,2022,6,13,2,Monday,24,False,7,140,5.0,True
807,2022-06-13,Frankie,Fastfood,50,1,50,Online,Mrs.,Midnight,50,2022,6,13,2,Monday,24,False,1,50,2.0,True
985,2022-06-14,Frankie,Fastfood,50,1,50,Cash,Mrs.,Afternoon,50,2022,6,14,2,Tuesday,24,False,1,50,2.0,True
141,2022-06-15,Aalopuri,Fastfood,20,4,80,Unknown,Mr.,Evening,80,2022,6,15,2,Wednesday,24,False,4,80,6.0,False
765,2022-06-15,Sandwich,Fastfood,60,13,780,Cash,Mr.,Night,780,2022,6,15,2,Wednesday,24,False,13,780,1.0,True
498,2022-06-16,Frankie,Fastfood,50,1,50,Cash,Mr.,Midnight,50,2022,6,16,2,Thursday,24,False,1,50,2.0,True
328,2022-06-16,Vadapav,Fastfood,20,3,60,Online,Mr.,Evening,60,2022,6,16,2,Thursday,24,False,3,60,7.0,False
588,2022-06-16,Frankie,Fastfood,50,11,550,Cash,Mrs.,Morning,550,2022,6,16,2,Thursday,24,False,11,550,2.0,True
822,2022-06-17,Panipuri,Fastfood,20,12,240,Online,Mr.,Morning,240,2022,6,17,2,Friday,24,False,12,240,5.0,True
625,2022-06-17,Sandwich,Fastfood,60,15,900,Online,Mr.,Morning,900,2022,6,17,2,Friday,24,False,15,900,1.0,True
390,2022-06-18,Sugarcane Juice,Beverages,25,5,125,Unknown,Mr.,Midnight,125,2022,6,18,2,Saturday,24,True,5,125,4.0,True
995,2022-06-18,Sugarcane Juice,Beverages,25,1,25,Online,Mr.,Night,25,2022,6,18,2,Saturday,24,True,1,25,4.0,True
253,2022-06-18,Sugarcane Juice,Beverages,25,13,325,Online,Mr.,Afternoon,325,2022,6,18,2,Saturday,24,True,13,325,4.0,True
766,2022-06-19,Sandwich,Fastfood,60,10,600,Online,Mrs.,Morning,600,2022,6,19,2,Sunday,24,True,10,600,1.0,True
278,2022-06-19,Frankie,Fastfood,50,6,300,Online,Mrs.,Night,300,2022,6,19,2,Sunday,24,True,6,300,2.0,True
263,2022-06-19,Panipuri,Fastfood,20,2,40,Cash,Mr.,Evening,40,2022,6,19,2,Sunday,24,True,2,40,5.0,True
438,2022-06-20,Cold Coffee,Beverages,40,5,200,Online,Mr.,Morning,200,2022,6,20,2,Monday,25,False,5,200,3.0,True
980,2022-06-20,Vadapav,Fastfood,20,9,180,Online,Mr.,Morning,180,2022,6,20,2,Monday,25,False,9,180,7.0,False
169,2022-06-20,Vadapav,Fastfood,20,6,120,Cash,Mr.,Morning,120,2022,6,20,2,Monday,25,False,6,120,7.0,False
627,2022-06-22,Sugarcane Juice,Beverages,25,15,375,Online,Mr.,Afternoon,375,2022,6,22,2,Wednesday,25,False,15,375,4.0,True
937,2022-06-22,Panipuri,Fastfood,20,4,80,Cash,Mr.,Night,80,2022,6,22,2,Wednesday,25,False,4,80,5.0,True
399,2022-06-24,Panipuri,Fastfood,20,9,180,Cash,Mrs.,Evening,180,2022,6,24,2,Friday,25,False,9,180,5.0,True
347,2022-06-24,Frankie,Fastfood,50,7,350,Cash,Mrs.,Afternoon,350,2022,6,24,2,Friday,25,False,7,350,2.0,True
880,2022-06-25,Sugarcane Juice,Beverages,25,5,125,Cash,Mrs.,Morning,125,2022,6,25,2,Saturday,25,True,5,125,4.0,True
796,2022-06-25,Sugarcane Juice,Beverages,25,14,350,Online,Mr.,Night,350,2022,6,25,2,Saturday,25,True,14,350,4.0,True
744,2022-06-25,Frankie,Fastfood,50,10,500,Cash,Mrs.,Morning,500,2022,6,25,2,Saturday,25,True,10,500,2.0,True
196,2022-06-25,Sandwich,Fastfood,60,3,180,Cash,Mr.,Evening,180,2022,6,25,2,Saturday,25,True,3,180,1.0,True
611,2022-06-25,Aalopuri,Fastfood,20,2,40,Online,Mrs.,Morning,40,2022,6,25,2,Saturday,25,True,2,40,6.0,False
236,2022-06-26,Vadapav,Fastfood,20,12,240,Unknown,Mrs.,Evening,240,2022,6,26,2,Sunday,25,True,12,240,7.0,False
753,2022-06-26,Sugarcane Juice,Beverages,25,1,25,Cash,Mr.,Midnight,25,2022,6,26,2,Sunday,25,True,1,25,4.0,True
931,2022-06-26,Aalopuri,Fastfood,20,15,300,Cash,Mr.,Afternoon,300,2022,6,26,2,Sunday,25,True,15,300,6.0,False
869,2022-06-26,Panipuri,Fastfood,20,9,180,Online,Mr.,Midnight,180,2022,6,26,2,Sunday,25,True,9,180,5.0,True
300,2022-06-27,Aalopuri,Fastfood,20,8,160,Cash,Mr.,Afternoon,160,2022,6,27,2,Monday,26,False,8,160,6.0,False
724,2022-06-27,Frankie,Fastfood,50,10,500,Cash,Mrs.,Night,500,2022,6,27,2,Monday,26,False,10,500,2.0,True
285,2022-06-28,Aalopuri,Fastfood,20,3,60,Unknown,Mr.,Night,60,2022,6,28,2,Tuesday,26,False,3,60,6.0,False
617,2022-06-28,Sugarcane Juice,Beverages,25,2,50,Cash,Mr.,Night,50,2022,6,28,2,Tuesday,26,False,2,50,4.0,True
730,2022-06-28,Frankie,Fastfood,50,13,650,Cash,Mrs.,Afternoon,650,2022,6,28,2,Tuesday,26,False,13,650,2.0,True
967,2022-06-29,Cold Coffee,Beverages,40,14,560,Cash,Mr.,Afternoon,560,2022,6,29,2,Wednesday,26,False,14,560,3.0,True
943,2022-06-30,Vadapav,Fastfood,20,6,120,Cash,Mrs.,Night,120,2022,6,30,2,Thursday,26,False,6,120,7.0,False
361,2022-06-30,Sandwich,Fastfood,60,15,900,Unknown,Mrs.,Night,900,2022,6,30,2,Thursday,26,False,15,900,1.0,True
319,2022-06-30,Frankie,Fastfood,50,15,750,Cash,Mr.,Afternoon,750,2022,6,30,2,Thursday,26,False,15,750,2.0,True
655,2022-06-30,Sugarcane Juice,Beverages,25,12,300,Online,Mr.,Morning,300,2022,6,30,2,Thursday,26,False,12,300,4.0,True
557,2022-06-30,Sandwich,Fastfood,60,2,120,Cash,Mrs.,Evening,120,2022,6,30,2,Thursday,26,False,2,120,1.0,True
578,2022-06-30,Frankie,Fastfood,50,5,250,Online,Mrs.,Night,250,2022,6,30,2,Thursday,26,False,5,250,2.0,True
201,2022-06-30,Panipuri,Fastfood,20,8,160,Cash,Mr.,Morning,160,2022,6,30,2,Thursday,26,False,8,160,5.0,True
845,2022-07-01,Cold Coffee,Beverages,40,6,240,Online,Mrs.,Evening,240,2022,7,1,3,Friday,26,False,6,240,3.0,True
528,2022-07-01,Sugarcane Juice,Beverages,25,7,175,Cash,Mrs.,Midnight,175,2022,7,1,3,Friday,26,False,7,175,4.0,True
580,2022-07-01,Panipuri,Fastfood,20,10,200,Online,Mr.,Night,200,2022,7,1,3,Friday,26,False,10,200,5.0,True
59,2022-07-01,Vadapav,Fastfood,20,5,100,Cash,Mr.,Morning,100,2022,7,1,3,Friday,26,False,5,100,7.0,False
631,2022-07-01,Cold Coffee,Beverages,40,13,520,Cash,Mrs.,Evening,520,2022,7,1,3,Friday,26,False,13,520,3.0,True
393,2022-07-02,Sugarcane Juice,Beverages,25,10,250,Online,Mrs.,Evening,250,2022,7,2,3,Saturday,26,True,10,250,4.0,True
182,2022-07-02,Cold Coffee,Beverages,40,1,40,Cash,Mr.,Midnight,40,2022,7,2,3,Saturday,26,True,1,40,3.0,True
36,2022-07-02,Cold Coffee,Beverages,40,10,400,Online,Mr.,Afternoon,400,2022,7,2,3,Saturday,26,True,10,400,3.0,True
517,2022-07-02,Panipuri,Fastfood,20,13,260,Online,Mr.,Evening,260,2022,7,2,3,Saturday,26,True,13,260,5.0,True
303,2022-07-02,Sugarcane Juice,Beverages,25,1,25,Cash,Mrs.,Midnight,25,2022,7,2,3,Saturday,26,True,1,25,4.0,True
283,2022-07-02,Panipuri,Fastfood,20,2,40,Cash,Mrs.,Midnight,40,2022,7,2,3,Saturday,26,True,2,40,5.0,True
93,2022-07-03,Cold Coffee,Beverages,40,2,80,Online,Mrs.,Midnight,80,2022,7,3,3,Sunday,26,True,2,80,3.0,True
369,2022-07-03,Sandwich,Fastfood,60,2,120,Online,Mrs.,Evening,120,2022,7,3,3,Sunday,26,True,2,120,1.0,True
1,2022-07-03,Aalopuri,Fastfood,20,13,260,Unknown,Mr.,Night,260,2022,7,3,3,Sunday,26,True,13,260,6.0,False
763,2022-07-04,Vadapav,Fastfood,20,14,280,Unknown,Mrs.,Night,280,2022,7,4,3,Monday,27,False,14,280,7.0,False
843,2022-07-04,Sugarcane Juice,Beverages,25,1,25,Cash,Mrs.,Morning,25,2022,7,4,3,Monday,27,False,1,25,4.0,True
526,2022-07-04,Sandwich,Fastfood,60,10,600,Cash,Mrs.,Evening,600,2022,7,4,3,Monday,27,False,10,600,1.0,True
725,2022-07-04,Vadapav,Fastfood,20,6,120,Online,Mrs.,Afternoon,120,2022,7,4,3,Monday,27,False,6,120,7.0,False
670,2022-07-05,Panipuri,Fastfood,20,15,300,Cash,Mr.,Night,300,2022,7,5,3,Tuesday,27,False,15,300,5.0,True
118,2022-07-06,Sandwich,Fastfood,60,1,60,Online,Mr.,Midnight,60,2022,7,6,3,Wednesday,27,False,1,60,1.0,True
397,2022-07-06,Aalopuri,Fastfood,20,2,40,Online,Mrs.,Afternoon,40,2022,7,6,3,Wednesday,27,False,2,40,6.0,False
88,2022-07-07,Cold Coffee,Beverages,40,10,400,Cash,Mr.,Evening,400,2022,7,7,3,Thursday,27,False,10,400,3.0,True
365,2022-07-08,Panipuri,Fastfood,20,10,200,Online,Mr.,Night,200,2022,7,8,3,Friday,27,False,10,200,5.0,True
351,2022-07-08,Frankie,Fastfood,50,5,250,Online,Mrs.,Night,250,2022,7,8,3,Friday,27,False,5,250,2.0,True
546,2022-07-09,Aalopuri,Fastfood,20,1,20,Cash,Mrs.,Midnight,20,2022,7,9,3,Saturday,27,True,1,20,6.0,False
784,2022-07-09,Vadapav,Fastfood,20,8,160,Cash,Mrs.,Morning,160,2022,7,9,3,Saturday,27,True,8,160,7.0,False
151,2022-07-10,Frankie,Fastfood,50,13,650,Online,Mrs.,Morning,650,2022,7,10,3,Sunday,27,True,13,650,2.0,True
120,2022-07-10,Frankie,Fastfood,50,2,100,Cash,Mrs.,Evening,100,2022,7,10,3,Sunday,27,True,2,100,2.0,True
47,2022-07-10,Sandwich,Fastfood,60,7,420,Unknown,Mr.,Morning,420,2022,7,10,3,Sunday,27,True,7,420,1.0,True
183,2022-07-10,Sugarcane Juice,Beverages,25,5,125,Cash,Mrs.,Midnight,125,2022,7,10,3,Sunday,27,True,5,125,4.0,True
651,2022-07-11,Sandwich,Fastfood,60,10,600,Online,Mrs.,Midnight,600,2022,7,11,3,Monday,28,False,10,600,1.0,True
492,2022-07-11,Sandwich,Fastfood,60,15,900,Cash,Mr.,Afternoon,900,2022,7,11,3,Monday,28,False,15,900,1.0,True
12,2022-07-12,Vadapav,Fastfood,20,8,160,Online,Mrs.,Night,160,2022,7,12,3,Tuesday,28,False,8,160,7.0,False
920,2022-07-12,Frankie,Fastfood,50,13,650,Online,Mr.,Evening,650,2022,7,12,3,Tuesday,28,False,13,650,2.0,True
893,2022-07-13,Sugarcane Juice,Beverages,25,12,300,Cash,Mrs.,Afternoon,300,2022,7,13,3,Wednesday,28,False,12,300,4.0,True
872,2022-07-14,Sandwich,Fastfood,60,12,720,Cash,Mr.,Afternoon,720,2022,7,14,3,Thursday,28,False,12,720,1.0,True
892,2022-07-14,Sugarcane Juice,Beverages,25,7,175,Online,Mrs.,Evening,175,2022,7,14,3,Thursday,28,False,7,175,4.0,True
616,2022-07-15,Vadapav,Fastfood,20,6,120,Online,Mrs.,Midnight,120,2022,7,15,3,Friday,28,False,6,120,7.0,False
860,2022-07-16,Cold Coffee,Beverages,40,5,200,Cash,Mr.,Night,200,2022,7,16,3,Saturday,28,True,5,200,3.0,True
741,2022-07-16,Aalopuri,Fastfood,20,5,100,Online,Mr.,Afternoon,100,2022,7,16,3,Saturday,28,True,5,100,6.0,False
513,2022-07-16,Cold Coffee,Beverages,40,5,200,Cash,Mrs.,Night,200,2022,7,16,3,Saturday,28,True,5,200,3.0,True
674,2022-07-17,Sugarcane Juice,Beverages,25,13,325,Unknown,Mr.,Morning,325,2022,7,17,3,Sunday,28,True,13,325,4.0,True
82,2022-07-17,Frankie,Fastfood,50,3,150,Online,Mrs.,Evening,150,2022,7,17,3,Sunday,28,True,3,150,2.0,True
134,2022-07-17,Aalopuri,Fastfood,20,12,240,Online,Mrs.,Night,240,2022,7,17,3,Sunday,28,True,12,240,6.0,False
993,2022-07-17,Frankie,Fastfood,50,3,150,Online,Mrs.,Night,150,2022,7,17,3,Sunday,28,True,3,150,2.0,True
264,2022-07-18,Sugarcane Juice,Beverages,25,12,300,Online,Mr.,Morning,300,2022,7,18,3,Monday,29,False,12,300,4.0,True
324,2022-07-18,Sugarcane Juice,Beverages,25,15,375,Online,Mrs.,Night,375,2022,7,18,3,Monday,29,False,15,375,4.0,True
298,2022-07-19,Sugarcane Juice,Beverages,25,9,225,Cash,Mrs.,Afternoon,225,2022,7,19,3,Tuesday,29,False,9,225,4.0,True
566,2022-07-19,Frankie,Fastfood,50,3,150,Cash,Mr.,Evening,150,2022,7,19,3,Tuesday,29,False,3,150,2.0,True
701,2022-07-19,Sugarcane Juice,Beverages,25,14,350,Online,Mrs.,Evening,350,2022,7,19,3,Tuesday,29,False,14,350,4.0,True
790,2022-07-20,Panipuri,Fastfood,20,3,60,Cash,Mrs.,Evening,60,2022,7,20,3,Wednesday,29,False,3,60,5.0,True
942,2022-07-20,Frankie,Fastfood,50,6,300,Cash,Mr.,Night,300,2022,7,20,3,Wednesday,29,False,6,300,2.0,True
177,2022-07-21,Panipuri,Fastfood,20,11,220,Online,Mrs.,Morning,220,2022,7,21,3,Thursday,29,False,11,220,5.0,True
886,2022-07-21,Sugarcane Juice,Beverages,25,4,100,Cash,Mrs.,Night,100,2022,7,21,3,Thursday,29,False,4,100,4.0,True
153,2022-07-21,Panipuri,Fastfood,20,1,20,Cash,Mrs.,Evening,20,2022,7,21,3,Thursday,29,False,1,20,5.0,True
295,2022-07-21,Sandwich,Fastfood,60,7,420,Cash,Mr.,Midnight,420,2022,7,21,3,Thursday,29,False,7,420,1.0,True
461,2022-07-22,Sugarcane Juice,Beverages,25,5,125,Cash,Mr.,Midnight,125,2022,7,22,3,Friday,29,False,5,125,4.0,True
299,2022-07-22,Aalopuri,Fastfood,20,1,20,Online,Mrs.,Evening,20,2022,7,22,3,Friday,29,False,1,20,6.0,False
160,2022-07-23,Vadapav,Fastfood,20,10,200,Online,Mr.,Night,200,2022,7,23,3,Saturday,29,True,10,200,7.0,False
821,2022-07-24,Aalopuri,Fastfood,20,12,240,Cash,Mrs.,Midnight,240,2022,7,24,3,Sunday,29,True,12,240,6.0,False
374,2022-07-24,Frankie,Fastfood,50,10,500,Online,Mr.,Midnight,500,2022,7,24,3,Sunday,29,True,10,500,2.0,True
660,2022-07-25,Sandwich,Fastfood,60,9,540,Cash,Mrs.,Night,540,2022,7,25,3,Monday,30,False,9,540,1.0,True
65,2022-07-25,Aalopuri,Fastfood,20,4,80,Cash,Mr.,Morning,80,2022,7,25,3,Monday,30,False,4,80,6.0,False
53,2022-07-26,Aalopuri,Fastfood,20,13,260,Cash,Mr.,Afternoon,260,2022,7,26,3,Tuesday,30,False,13,260,6.0,False
645,2022-07-26,Sandwich,Fastfood,60,9,540,Cash,Mrs.,Night,540,2022,7,26,3,Tuesday,30,False,9,540,1.0,True
634,2022-07-26,Panipuri,Fastfood,20,13,260,Cash,Mr.,Afternoon,260,2022,7,26,3,Tuesday,30,False,13,260,5.0,True
448,2022-07-27,Vadapav,Fastfood,20,6,120,Cash,Mrs.,Evening,120,2022,7,27,3,Wednesday,30,False,6,120,7.0,False
234,2022-07-27,Panipuri,Fastfood,20,10,200,Cash,Mr.,Midnight,200,2022,7,27,3,Wednesday,30,False,10,200,5.0,True
499,2022-07-27,Sandwich,Fastfood,60,8,480,Online,Mrs.,Evening,480,2022,7,27,3,Wednesday,30,False,8,480,1.0,True
206,2022-07-27,Aalopuri,Fastfood,20,4,80,Cash,Mr.,Night,80,2022,7,27,3,Wednesday,30,False,4,80,6.0,False
530,2022-07-27,Panipuri,Fastfood,20,6,120,Cash,Mrs.,Night,120,2022,7,27,3,Wednesday,30,False,6,120,5.0,True
272,2022-07-29,Frankie,Fastfood,50,5,250,Online,Mrs.,Night,250,2022,7,29,3,Friday,30,False,5,250,2.0,True
73,2022-07-29,Panipuri,Fastfood,20,5,100,Cash,Mr.,Midnight,100,2022,7,29,3,Friday,30,False,5,100,5.0,True
740,2022-07-30,Aalopuri,Fastfood,20,9,180,Cash,Mr.,Midnight,180,2022,7,30,3,Saturday,30,True,9,180,6.0,False
541,2022-07-30,Panipuri,Fastfood,20,12,240,Cash,Mr.,Night,240,2022,7,30,3,Saturday,30,True,12,240,5.0,True
551,2022-07-30,Sugarcane Juice,Beverages,25,7,175,Cash,Mr.,Evening,175,2022,7,30,3,Saturday,30,True,7,175,4.0,True
838,2022-07-31,Cold Coffee,Beverages,40,9,360,Online,Mrs.,Morning,360,2022,7,31,3,Sunday,30,True,9,360,3.0,True
233,2022-07-31,Panipuri,Fastfood,20,5,100,Cash,Mr.,Morning,100,2022,7,31,3,Sunday,30,True,5,100,5.0,True
311,2022-07-31,Frankie,Fastfood,50,7,350,Unknown,Mrs.,Morning,350,2022,7,31,3,Sunday,30,True,7,350,2.0,True
831,2022-08-01,Frankie,Fastfood,50,5,250,Online,Mrs.,Morning,250,2022,8,1,3,Monday,31,False,5,250,2.0,True
598,2022-08-02,Cold Coffee,Beverages,40,8,320,Cash,Mrs.,Afternoon,320,2022,8,2,3,Tuesday,31,False,8,320,3.0,True
422,2022-08-02,Cold Coffee,Beverages,40,7,280,Online,Mr.,Evening,280,2022,8,2,3,Tuesday,31,False,7,280,3.0,True
511,2022-08-02,Panipuri,Fastfood,20,4,80,Cash,Mrs.,Night,80,2022,8,2,3,Tuesday,31,False,4,80,5.0,True
789,2022-08-03,Sugarcane Juice,Beverages,25,7,175,Cash,Mr.,Morning,175,2022,8,3,3,Wednesday,31,False,7,175,4.0,True
728,2022-08-03,Vadapav,Fastfood,20,1,20,Online,Mr.,Midnight,20,2022,8,3,3,Wednesday,31,False,1,20,7.0,False
542,2022-08-04,Sugarcane Juice,Beverages,25,9,225,Cash,Mr.,Evening,225,2022,8,4,3,Thursday,31,False,9,225,4.0,True
176,2022-08-04,Panipuri,Fastfood,20,1,20,Cash,Mrs.,Midnight,20,2022,8,4,3,Thursday,31,False,1,20,5.0,True
57,2022-08-04,Panipuri,Fastfood,20,14,280,Online,Mrs.,Morning,280,2022,8,4,3,Thursday,31,False,14,280,5.0,True
875,2022-08-05,Vadapav,Fastfood,20,15,300,Cash,Mr.,Evening,300,2022,8,5,3,Friday,31,False,15,300,7.0,False
746,2022-08-05,Sugarcane Juice,Beverages,25,5,125,Online,Mrs.,Midnight,125,2022,8,5,3,Friday,31,False,5,125,4.0,True
416,2022-08-05,Sandwich,Fastfood,60,9,540,Unknown,Mr.,Morning,540,2022,8,5,3,Friday,31,False,9,540,1.0,True
108,2022-08-06,Panipuri,Fastfood,20,5,100,Online,Mr.,Afternoon,100,2022,8,6,3,Saturday,31,True,5,100,5.0,True
287,2022-08-06,Aalopuri,Fastfood,20,3,60,Cash,Mr.,Morning,60,2022,8,6,3,Saturday,31,True,3,60,6.0,False
128,2022-08-07,Vadapav,Fastfood,20,11,220,Online,Mr.,Midnight,220,2022,8,7,3,Sunday,31,True,11,220,7.0,False
109,2022-08-08,Cold Coffee,Beverages,40,12,480,Unknown,Mr.,Afternoon,480,2022,8,8,3,Monday,32,False,12,480,3.0,True
812,2022-08-08,Panipuri,Fastfood,20,5,100,Cash,Mr.,Afternoon,100,2022,8,8,3,Monday,32,False,5,100,5.0,True
281,2022-08-09,Sandwich,Fastfood,60,3,180,Cash,Mrs.,Afternoon,180,2022,8,9,3,Tuesday,32,False,3,180,1.0,True
968,2022-08-09,Cold Coffee,Beverages,40,15,600,Cash,Mrs.,Morning,600,2022,8,9,3,Tuesday,32,False,15,600,3.0,True
501,2022-08-09,Sugarcane Juice,Beverages,25,14,350,Online,Mrs.,Afternoon,350,2022,8,9,3,Tuesday,32,False,14,350,4.0,True
562,2022-08-09,Frankie,Fastfood,50,4,200,Cash,Mr.,Afternoon,200,2022,8,9,3,Tuesday,32,False,4,200,2.0,True
149,2022-08-09,Sandwich,Fastfood,60,7,420,Online,Mr.,Morning,420,2022,8,9,3,Tuesday,32,False,7,420,1.0,True
735,2022-08-10,Panipuri,Fastfood,20,11,220,Cash,Mr.,Morning,220,2022,8,10,3,Wednesday,32,False,11,220,5.0,True
938,2022-08-10,Sugarcane Juice,Beverages,25,14,350,Cash,Mr.,Evening,350,2022,8,10,3,Wednesday,32,False,14,350,4.0,True
936,2022-08-10,Panipuri,Fastfood,20,2,40,Unknown,Mr.,Midnight,40,2022,8,10,3,Wednesday,32,False,2,40,5.0,True
164,2022-08-10,Sugarcane Juice,Beverages,25,7,175,Online,Mr.,Afternoon,175,2022,8,10,3,Wednesday,32,False,7,175,4.0,True
367,2022-08-10,Panipuri,Fastfood,20,6,120,Unknown,Mr.,Afternoon,120,2022,8,10,3,Wednesday,32,False,6,120,5.0,True
960,2022-08-12,Sugarcane Juice,Beverages,25,15,375,Online,Mrs.,Evening,375,2022,8,12,3,Friday,32,False,15,375,4.0,True
878,2022-08-12,Sandwich,Fastfood,60,6,360,Online,Mr.,Evening,360,2022,8,12,3,Friday,32,False,6,360,1.0,True
683,2022-08-12,Frankie,Fastfood,50,15,750,Cash,Mr.,Midnight,750,2022,8,12,3,Friday,32,False,15,750,2.0,True
721,2022-08-13,Panipuri,Fastfood,20,12,240,Unknown,Mr.,Afternoon,240,2022,8,13,3,Saturday,32,True,12,240,5.0,True
788,2022-08-13,Sugarcane Juice,Beverages,25,7,175,Online,Mr.,Afternoon,175,2022,8,13,3,Saturday,32,True,7,175,4.0,True
689,2022-08-13,Vadapav,Fastfood,20,6,120,Cash,Mrs.,Afternoon,120,2022,8,13,3,Saturday,32,True,6,120,7.0,False
866,2022-08-13,Frankie,Fastfood,50,10,500,Online,Mr.,Midnight,500,2022,8,13,3,Saturday,32,True,10,500,2.0,True
114,2022-08-14,Aalopuri,Fastfood,20,10,200,Online,Mr.,Afternoon,200,2022,8,14,3,Sunday,32,True,10,200,6.0,False
847,2022-08-14,Panipuri,Fastfood,20,11,220,Online,Mr.,Midnight,220,2022,8,14,3,Sunday,32,True,11,220,5.0,True
773,2022-08-14,Cold Coffee,Beverages,40,7,280,Online,Mr.,Afternoon,280,2022,8,14,3,Sunday,32,True,7,280,3.0,True
704,2022-08-14,Sandwich,Fastfood,60,1,60,Online,Mrs.,Evening,60,2022,8,14,3,Sunday,32,True,1,60,1.0,True
615,2022-08-14,Sandwich,Fastfood,60,14,840,Unknown,Mr.,Morning,840,2022,8,14,3,Sunday,32,True,14,840,1.0,True
45,2022-08-15,Sugarcane Juice,Beverages,25,6,150,Cash,Mrs.,Afternoon,150,2022,8,15,3,Monday,33,False,6,150,4.0,True
74,2022-08-15,Cold Coffee,Beverages,40,10,400,Online,Mrs.,Evening,400,2022,8,15,3,Monday,33,False,10,400,3.0,True
771,2022-08-15,Panipuri,Fastfood,20,5,100,Online,Mrs.,Midnight,100,2022,8,15,3,Monday,33,False,5,100,5.0,True
265,2022-08-15,Vadapav,Fastfood,20,6,120,Cash,Mr.,Midnight,120,2022,8,15,3,Monday,33,False,6,120,7.0,False
273,2022-08-15,Panipuri,Fastfood,20,15,300,Cash,Mr.,Midnight,300,2022,8,15,3,Monday,33,False,15,300,5.0,True
382,2022-08-16,Cold Coffee,Beverages,40,9,360,Cash,Mrs.,Night,360,2022,8,16,3,Tuesday,33,False,9,360,3.0,True
947,2022-08-16,Aalopuri,Fastfood,20,11,220,Online,Mr.,Night,220,2022,8,16,3,Tuesday,33,False,11,220,6.0,False
76,2022-08-17,Vadapav,Fastfood,20,9,180,Online,Mr.,Morning,180,2022,8,17,3,Wednesday,33,False,9,180,7.0,False
425,2022-08-17,Panipuri,Fastfood,20,14,280,Online,Mr.,Afternoon,280,2022,8,17,3,Wednesday,33,False,14,280,5.0,True
868,2022-08-17,Aalopuri,Fastfood,20,13,260,Cash,Mrs.,Evening,260,2022,8,17,3,Wednesday,33,False,13,260,6.0,False
349,2022-08-17,Panipuri,Fastfood,20,5,100,Cash,Mrs.,Evening,100,2022,8,17,3,Wednesday,33,False,5,100,5.0,True
26,2022-08-18,Sugarcane Juice,Beverages,25,4,100,Cash,Mr.,Afternoon,100,2022,8,18,3,Thursday,33,False,4,100,4.0,True
828,2022-08-18,Panipuri,Fastfood,20,6,120,Cash,Mr.,Evening,120,2022,8,18,3,Thursday,33,False,6,120,5.0,True
85,2022-08-19,Aalopuri,Fastfood,20,3,60,Online,Mrs.,Night,60,2022,8,19,3,Friday,33,False,3,60,6.0,False
864,2022-08-20,Cold Coffee,Beverages,40,9,360,Online,Mr.,Morning,360,2022,8,20,3,Saturday,33,True,9,360,3.0,True
638,2022-08-20,Cold Coffee,Beverages,40,11,440,Online,Mrs.,Afternoon,440,2022,8,20,3,Saturday,33,True,11,440,3.0,True
850,2022-08-20,Vadapav,Fastfood,20,3,60,Online,Mrs.,Afternoon,60,2022,8,20,3,Saturday,33,True,3,60,7.0,False
331,2022-08-21,Panipuri,Fastfood,20,4,80,Online,Mrs.,Evening,80,2022,8,21,3,Sunday,33,True,4,80,5.0,True
434,2022-08-21,Aalopuri,Fastfood,20,12,240,Cash,Mr.,Morning,240,2022,8,21,3,Sunday,33,True,12,240,6.0,False
897,2022-08-22,Aalopuri,Fastfood,20,6,120,Online,Mr.,Morning,120,2022,8,22,3,Monday,34,False,6,120,6.0,False
19,2022-08-22,Panipuri,Fastfood,20,11,220,Cash,Mrs.,Night,220,2022,8,22,3,Monday,34,False,11,220,5.0,True
96,2022-08-22,Sandwich,Fastfood,60,15,900,Unknown,Mr.,Morning,900,2022,8,22,3,Monday,34,False,15,900,1.0,True
288,2022-08-22,Sandwich,Fastfood,60,7,420,Cash,Mr.,Night,420,2022,8,22,3,Monday,34,False,7,420,1.0,True
442,2022-08-22,Sugarcane Juice,Beverages,25,7,175,Online,Mrs.,Night,175,2022,8,22,3,Monday,34,False,7,175,4.0,True
2,2022-08-23,Vadapav,Fastfood,20,15,300,Cash,Mr.,Afternoon,300,2022,8,23,3,Tuesday,34,False,15,300,7.0,False
883,2022-08-24,Aalopuri,Fastfood,20,5,100,Online,Mrs.,Midnight,100,2022,8,24,3,Wednesday,34,False,5,100,6.0,False
695,2022-08-24,Panipuri,Fastfood,20,10,200,Online,Mrs.,Midnight,200,2022,8,24,3,Wednesday,34,False,10,200,5.0,True
514,2022-08-24,Cold Coffee,Beverages,40,8,320,Online,Mrs.,Evening,320,2022,8,24,3,Wednesday,34,False,8,320,3.0,True
136,2022-08-24,Aalopuri,Fastfood,20,15,300,Online,Mr.,Morning,300,2022,8,24,3,Wednesday,34,False,15,300,6.0,False
589,2022-08-25,Cold Coffee,Beverages,40,5,200,Cash,Mr.,Night,200,2022,8,25,3,Thursday,34,False,5,200,3.0,True
727,2022-08-25,Aalopuri,Fastfood,20,5,100,Cash,Mrs.,Midnight,100,2022,8,25,3,Thursday,34,False,5,100,6.0,False
208,2022-08-26,Cold Coffee,Beverages,40,13,520,Cash,Mrs.,Midnight,520,2022,8,26,3,Friday,34,False,13,520,3.0,True
121,2022-08-26,Cold Coffee,Beverages,40,8,320,Cash,Mr.,Afternoon,320,2022,8,26,3,Friday,34,False,8,320,3.0,True
116,2022-08-26,Sugarcane Juice,Beverages,25,13,325,Cash,Mr.,Evening,325,2022,8,26,3,Friday,34,False,13,325,4.0,True
172,2022-08-27,Sugarcane Juice,Beverages,25,6,150,Online,Mrs.,Night,150,2022,8,27,3,Saturday,34,True,6,150,4.0,True
999,2022-08-27,Panipuri,Fastfood,20,5,100,Unknown,Mrs.,Afternoon,100,2022,8,27,3,Saturday,34,True,5,100,5.0,True
803,2022-08-27,Vadapav,Fastfood,20,5,100,Unknown,Mr.,Night,100,2022,8,27,3,Saturday,34,True,5,100,7.0,False
602,2022-08-27,Aalopuri,Fastfood,20,10,200,Cash,Mr.,Night,200,2022,8,27,3,Saturday,34,True,10,200,6.0,False
359,2022-08-27,Aalopuri,Fastfood,20,13,260,Online,Mrs.,Night,260,2022,8,27,3,Saturday,34,True,13,260,6.0,False
474,2022-08-28,Sugarcane Juice,Beverages,25,15,375,Cash,Mrs.,Night,375,2022,8,28,3,Sunday,34,True,15,375,4.0,True
44,2022-08-28,Cold Coffee,Beverages,40,12,480,Cash,Mr.,Evening,480,2022,8,28,3,Sunday,34,True,12,480,3.0,True
793,2022-08-30,Sandwich,Fastfood,60,6,360,Cash,Mrs.,Night,360,2022,8,30,3,Tuesday,35,False,6,360,1.0,True
646,2022-08-30,Vadapav,Fastfood,20,14,280,Online,Mrs.,Afternoon,280,2022,8,30,3,Tuesday,35,False,14,280,7.0,False
836,2022-08-31,Vadapav,Fastfood,20,2,40,Cash,Mrs.,Midnight,40,2022,8,31,3,Wednesday,35,False,2,40,7.0,False
25,2022-08-31,Sandwich,Fastfood,60,1,60,Online,Mrs.,Evening,60,2022,8,31,3,Wednesday,35,False,1,60,1.0,True
446,2022-08-31,Cold Coffee,Beverages,40,9,360,Cash,Mr.,Night,360,2022,8,31,3,Wednesday,35,False,9,360,3.0,True
437,2022-08-31,Cold Coffee,Beverages,40,1,40,Unknown,Mr.,Morning,40,2022,8,31,3,Wednesday,35,False,1,40,3.0,True
749,2022-08-31,Vadapav,Fastfood,20,11,220,Cash,Mr.,Morning,220,2022,8,31,3,Wednesday,35,False,11,220,7.0,False
368,2022-08-31,Cold Coffee,Beverages,40,2,80,Cash,Mr.,Night,80,2022,8,31,3,Wednesday,35,False,2,80,3.0,True
559,2022-08-31,Cold Coffee,Beverages,40,5,200,Online,Mrs.,Night,200,2022,8,31,3,Wednesday,35,False,5,200,3.0,True
603,2022-08-31,Vadapav,Fastfood,20,10,200,Cash,Mrs.,Afternoon,200,2022,8,31,3,Wednesday,35,False,10,200,7.0,False
833,2022-09-01,Panipuri,Fastfood,20,2,40,Online,Mrs.,Evening,40,2022,9,1,3,Thursday,35,False,2,40,5.0,True
138,2022-09-01,Sandwich,Fastfood,60,15,900,Online,Mr.,Night,900,2022,9,1,3,Thursday,35,False,15,900,1.0,True
336,2022-09-03,Sugarcane Juice,Beverages,25,13,325,Unknown,Mrs.,Midnight,325,2022,9,3,3,Saturday,35,True,13,325,4.0,True
174,2022-09-03,Aalopuri,Fastfood,20,2,40,Online,Mr.,Evening,40,2022,9,3,3,Saturday,35,True,2,40,6.0,False
111,2022-09-04,Sandwich,Fastfood,60,8,480,Cash,Mrs.,Midnight,480,2022,9,4,3,Sunday,35,True,8,480,1.0,True
473,2022-09-04,Sandwich,Fastfood,60,5,300,Cash,Mrs.,Evening,300,2022,9,4,3,Sunday,35,True,5,300,1.0,True
443,2022-09-05,Sugarcane Juice,Beverages,25,12,300,Cash,Mrs.,Night,300,2022,9,5,3,Monday,36,False,12,300,4.0,True
888,2022-09-05,Vadapav,Fastfood,20,8,160,Cash,Mr.,Evening,160,2022,9,5,3,Monday,36,False,8,160,7.0,False
535,2022-09-05,Sandwich,Fastfood,60,4,240,Online,Mr.,Midnight,240,2022,9,5,3,Monday,36,False,4,240,1.0,True
258,2022-09-06,Vadapav,Fastfood,20,14,280,Cash,Mr.,Midnight,280,2022,9,6,3,Tuesday,36,False,14,280,7.0,False
577,2022-09-06,Cold Coffee,Beverages,40,7,280,Cash,Mr.,Evening,280,2022,9,6,3,Tuesday,36,False,7,280,3.0,True
573,2022-09-07,Frankie,Fastfood,50,2,100,Cash,Mr.,Afternoon,100,2022,9,7,3,Wednesday,36,False,2,100,2.0,True
270,2022-09-07,Sandwich,Fastfood,60,13,780,Cash,Mr.,Evening,780,2022,9,7,3,Wednesday,36,False,13,780,1.0,True
539,2022-09-07,Panipuri,Fastfood,20,3,60,Online,Mr.,Evening,60,2022,9,7,3,Wednesday,36,False,3,60,5.0,True
468,2022-09-08,Panipuri,Fastfood,20,2,40,Cash,Mr.,Evening,40,2022,9,8,3,Thursday,36,False,2,40,5.0,True
863,2022-09-08,Frankie,Fastfood,50,9,450,Online,Mr.,Night,450,2022,9,8,3,Thursday,36,False,9,450,2.0,True
604,2022-09-08,Frankie,Fastfood,50,10,500,Cash,Mrs.,Night,500,2022,9,8,3,Thursday,36,False,10,500,2.0,True
449,2022-09-09,Frankie,Fastfood,50,4,200,Cash,Mr.,Afternoon,200,2022,9,9,3,Friday,36,False,4,200,2.0,True
619,2022-09-09,Sugarcane Juice,Beverages,25,4,100,Cash,Mrs.,Morning,100,2022,9,9,3,Friday,36,False,4,100,4.0,True
699,2022-09-09,Cold Coffee,Beverages,40,1,40,Online,Mr.,Evening,40,2022,9,9,3,Friday,36,False,1,40,3.0,True
260,2022-09-10,Sugarcane Juice,Beverages,25,2,50,Online,Mrs.,Night,50,2022,9,10,3,Saturday,36,True,2,50,4.0,True
726,2022-09-11,Panipuri,Fastfood,20,1,20,Online,Mr.,Morning,20,2022,9,11,3,Sunday,36,True,1,20,5.0,True
745,2022-09-11,Aalopuri,Fastfood,20,2,40,Online,Mr.,Evening,40,2022,9,11,3,Sunday,36,True,2,40,6.0,False
99,2022-09-11,Sugarcane Juice,Beverages,25,3,75,Cash,Mr.,Evening,75,2022,9,11,3,Sunday,36,True,3,75,4.0,True
222,2022-09-11,Sandwich,Fastfood,60,6,360,Cash,Mrs.,Morning,360,2022,9,11,3,Sunday,36,True,6,360,1.0,True
458,2022-09-12,Sugarcane Juice,Beverages,25,8,200,Cash,Mrs.,Midnight,200,2022,9,12,3,Monday,37,False,8,200,4.0,True
552,2022-09-12,Sugarcane Juice,Beverages,25,15,375,Cash,Mrs.,Midnight,375,2022,9,12,3,Monday,37,False,15,375,4.0,True
94,2022-09-14,Aalopuri,Fastfood,20,15,300,Unknown,Mrs.,Night,300,2022,9,14,3,Wednesday,37,False,15,300,6.0,False
722,2022-09-14,Vadapav,Fastfood,20,15,300,Unknown,Mr.,Midnight,300,2022,9,14,3,Wednesday,37,False,15,300,7.0,False
31,2022-09-14,Cold Coffee,Beverages,40,13,520,Online,Mrs.,Evening,520,2022,9,14,3,Wednesday,37,False,13,520,3.0,True
620,2022-09-14,Panipuri,Fastfood,20,12,240,Online,Mrs.,Evening,240,2022,9,14,3,Wednesday,37,False,12,240,5.0,True
279,2022-09-14,Vadapav,Fastfood,20,15,300,Cash,Mrs.,Afternoon,300,2022,9,14,3,Wednesday,37,False,15,300,7.0,False
570,2022-09-15,Sugarcane Juice,Beverages,25,4,100,Cash,Mr.,Morning,100,2022,9,15,3,Thursday,37,False,4,100,4.0,True
409,2022-09-15,Aalopuri,Fastfood,20,9,180,Cash,Mrs.,Morning,180,2022,9,15,3,Thursday,37,False,9,180,6.0,False
20,2022-09-15,Cold Coffee,Beverages,40,10,400,Online,Mr.,Night,400,2022,9,15,3,Thursday,37,False,10,400,3.0,True
751,2022-09-16,Vadapav,Fastfood,20,2,40,Cash,Mr.,Afternoon,40,2022,9,16,3,Friday,37,False,2,40,7.0,False
10,2022-09-16,Panipuri,Fastfood,20,5,100,Online,Mr.,Afternoon,100,2022,9,16,3,Friday,37,False,5,100,5.0,True
673,2022-09-17,Sandwich,Fastfood,60,12,720,Cash,Mr.,Midnight,720,2022,9,17,3,Saturday,37,True,12,720,1.0,True
912,2022-09-17,Aalopuri,Fastfood,20,6,120,Cash,Mr.,Evening,120,2022,9,17,3,Saturday,37,True,6,120,6.0,False
392,2022-09-18,Aalopuri,Fastfood,20,15,300,Online,Mr.,Night,300,2022,9,18,3,Sunday,37,True,15,300,6.0,False
684,2022-09-18,Vadapav,Fastfood,20,5,100,Cash,Mr.,Afternoon,100,2022,9,18,3,Sunday,37,True,5,100,7.0,False
143,2022-09-18,Frankie,Fastfood,50,8,400,Unknown,Mrs.,Afternoon,400,2022,9,18,3,Sunday,37,True,8,400,2.0,True
348,2022-09-19,Vadapav,Fastfood,20,1,20,Online,Mrs.,Midnight,20,2022,9,19,3,Monday,38,False,1,20,7.0,False
429,2022-09-19,Cold Coffee,Beverages,40,3,120,Online,Mr.,Night,120,2022,9,19,3,Monday,38,False,3,120,3.0,True
829,2022-09-19,Cold Coffee,Beverages,40,6,240,Cash,Mr.,Night,240,2022,9,19,3,Monday,38,False,6,240,3.0,True
934,2022-09-19,Cold Coffee,Beverages,40,4,160,Cash,Mrs.,Afternoon,160,2022,9,19,3,Monday,38,False,4,160,3.0,True
737,2022-09-20,Frankie,Fastfood,50,13,650,Online,Mrs.,Night,650,2022,9,20,3,Tuesday,38,False,13,650,2.0,True
748,2022-09-20,Sandwich,Fastfood,60,14,840,Cash,Mrs.,Night,840,2022,9,20,3,Tuesday,38,False,14,840,1.0,True
997,2022-09-20,Sandwich,Fastfood,60,7,420,Unknown,Mr.,Evening,420,2022,9,20,3,Tuesday,38,False,7,420,1.0,True
357,2022-09-21,Sandwich,Fastfood,60,9,540,Online,Mrs.,Afternoon,540,2022,9,21,3,Wednesday,38,False,9,540,1.0,True
202,2022-09-21,Aalopuri,Fastfood,20,9,180,Cash,Mr.,Afternoon,180,2022,9,21,3,Wednesday,38,False,9,180,6.0,False
350,2022-09-21,Cold Coffee,Beverages,40,8,320,Online,Mrs.,Morning,320,2022,9,21,3,Wednesday,38,False,8,320,3.0,True
488,2022-09-21,Cold Coffee,Beverages,40,10,400,Cash,Mr.,Midnight,400,2022,9,21,3,Wednesday,38,False,10,400,3.0,True
223,2022-09-21,Panipuri,Fastfood,20,13,260,Online,Mr.,Night,260,2022,9,21,3,Wednesday,38,False,13,260,5.0,True
921,2022-09-21,Vadapav,Fastfood,20,14,280,Cash,Mr.,Midnight,280,2022,9,21,3,Wednesday,38,False,14,280,7.0,False
808,2022-09-21,Panipuri,Fastfood,20,1,20,Online,Mr.,Morning,20,2022,9,21,3,Wednesday,38,False,1,20,5.0,True
516,2022-09-22,Sugarcane Juice,Beverages,25,12,300,Online,Mrs.,Midnight,300,2022,9,22,3,Thursday,38,False,12,300,4.0,True
330,2022-09-22,Panipuri,Fastfood,20,8,160,Unknown,Mr.,Morning,160,2022,9,22,3,Thursday,38,False,8,160,5.0,True
294,2022-09-23,Aalopuri,Fastfood,20,1,20,Cash,Mrs.,Evening,20,2022,9,23,3,Friday,38,False,1,20,6.0,False
952,2022-09-24,Aalopuri,Fastfood,20,14,280,Cash,Mrs.,Evening,280,2022,9,24,3,Saturday,38,True,14,280,6.0,False
403,2022-09-25,Cold Coffee,Beverages,40,3,120,Online,Mrs.,Midnight,120,2022,9,25,3,Sunday,38,True,3,120,3.0,True
950,2022-09-25,Frankie,Fastfood,50,6,300,Online,Mrs.,Evening,300,2022,9,25,3,Sunday,38,True,6,300,2.0,True
758,2022-09-25,Vadapav,Fastfood,20,3,60,Cash,Mrs.,Evening,60,2022,9,25,3,Sunday,38,True,3,60,7.0,False
736,2022-09-25,Panipuri,Fastfood,20,13,260,Unknown,Mr.,Afternoon,260,2022,9,25,3,Sunday,38,True,13,260,5.0,True
564,2022-09-27,Cold Coffee,Beverages,40,2,80,Unknown,Mr.,Morning,80,2022,9,27,3,Tuesday,39,False,2,80,3.0,True
565,2022-09-27,Panipuri,Fastfood,20,15,300,Cash,Mr.,Evening,300,2022,9,27,3,Tuesday,39,False,15,300,5.0,True
835,2022-09-27,Sugarcane Juice,Beverages,25,7,175,Online,Mr.,Afternoon,175,2022,9,27,3,Tuesday,39,False,7,175,4.0,True
444,2022-09-28,Frankie,Fastfood,50,4,200,Unknown,Mr.,Evening,200,2022,9,28,3,Wednesday,39,False,4,200,2.0,True
667,2022-09-28,Vadapav,Fastfood,20,3,60,Cash,Mrs.,Evening,60,2022,9,28,3,Wednesday,39,False,3,60,7.0,False
470,2022-09-29,Vadapav,Fastfood,20,8,160,Cash,Mrs.,Morning,160,2022,9,29,3,Thursday,39,False,8,160,7.0,False
213,2022-09-29,Vadapav,Fastfood,20,3,60,Unknown,Mrs.,Midnight,60,2022,9,29,3,Thursday,39,False,3,60,7.0,False
439,2022-09-30,Frankie,Fastfood,50,13,650,Online,Mr.,Afternoon,650,2022,9,30,3,Friday,39,False,13,650,2.0,True
276,2022-09-30,Sugarcane Juice,Beverages,25,6,150,Cash,Mr.,Midnight,150,2022,9,30,3,Friday,39,False,6,150,4.0,True
78,2022-10-01,Vadapav,Fastfood,20,4,80,Cash,Mrs.,Evening,80,2022,10,1,4,Saturday,39,True,4,80,7.0,False
591,2022-10-01,Sandwich,Fastfood,60,13,780,Cash,Mrs.,Morning,780,2022,10,1,4,Saturday,39,True,13,780,1.0,True
219,2022-10-01,Aalopuri,Fastfood,20,9,180,Cash,Mrs.,Evening,180,2022,10,1,4,Saturday,39,True,9,180,6.0,False
558,2022-10-01,Panipuri,Fastfood,20,5,100,Online,Mr.,Morning,100,2022,10,1,4,Saturday,39,True,5,100,5.0,True
493,2022-10-02,Cold Coffee,Beverages,40,2,80,Online,Mr.,Morning,80,2022,10,2,4,Sunday,39,True,2,80,3.0,True
5,2022-10-02,Sugarcane Juice,Beverages,25,8,200,Online,Mr.,Evening,200,2022,10,2,4,Sunday,39,True,8,200,4.0,True
266,2022-10-02,Frankie,Fastfood,50,10,500,Online,Mrs.,Night,500,2022,10,2,4,Sunday,39,True,10,500,2.0,True
971,2022-10-02,Frankie,Fastfood,50,2,100,Cash,Mrs.,Morning,100,2022,10,2,4,Sunday,39,True,2,100,2.0,True
480,2022-10-02,Vadapav,Fastfood,20,12,240,Cash,Mr.,Evening,240,2022,10,2,4,Sunday,39,True,12,240,7.0,False
794,2022-10-02,Sugarcane Juice,Beverages,25,5,125,Online,Mr.,Afternoon,125,2022,10,2,4,Sunday,39,True,5,125,4.0,True
245,2022-10-03,Vadapav,Fastfood,20,2,40,Cash,Mrs.,Morning,40,2022,10,3,4,Monday,40,False,2,40,7.0,False
599,2022-10-03,Frankie,Fastfood,50,13,650,Cash,Mr.,Morning,650,2022,10,3,4,Monday,40,False,13,650,2.0,True
159,2022-10-03,Sugarcane Juice,Beverages,25,1,25,Online,Mrs.,Afternoon,25,2022,10,3,4,Monday,40,False,1,25,4.0,True
247,2022-10-03,Sugarcane Juice,Beverages,25,6,150,Unknown,Mr.,Midnight,150,2022,10,3,4,Monday,40,False,6,150,4.0,True
531,2022-10-04,Cold Coffee,Beverages,40,10,400,Cash,Mr.,Night,400,2022,10,4,4,Tuesday,40,False,10,400,3.0,True
22,2022-10-04,Sugarcane Juice,Beverages,25,12,300,Online,Mr.,Evening,300,2022,10,4,4,Tuesday,40,False,12,300,4.0,True
963,2022-10-05,Vadapav,Fastfood,20,6,120,Cash,Mrs.,Morning,120,2022,10,5,4,Wednesday,40,False,6,120,7.0,False
814,2022-10-05,Vadapav,Fastfood,20,13,260,Cash,Mrs.,Midnight,260,2022,10,5,4,Wednesday,40,False,13,260,7.0,False
690,2022-10-05,Vadapav,Fastfood,20,9,180,Cash,Mrs.,Night,180,2022,10,5,4,Wednesday,40,False,9,180,7.0,False
408,2022-10-05,Vadapav,Fastfood,20,4,80,Online,Mr.,Midnight,80,2022,10,5,4,Wednesday,40,False,4,80,7.0,False
360,2022-10-06,Cold Coffee,Beverages,40,2,80,Online,Mrs.,Midnight,80,2022,10,6,4,Thursday,40,False,2,80,3.0,True
915,2022-10-07,Cold Coffee,Beverages,40,7,280,Online,Mr.,Afternoon,280,2022,10,7,4,Friday,40,False,7,280,3.0,True
734,2022-10-07,Frankie,Fastfood,50,7,350,Cash,Mr.,Evening,350,2022,10,7,4,Friday,40,False,7,350,2.0,True
705,2022-10-07,Sandwich,Fastfood,60,6,360,Online,Mr.,Evening,360,2022,10,7,4,Friday,40,False,6,360,1.0,True
978,2022-10-08,Frankie,Fastfood,50,2,100,Online,Mr.,Night,100,2022,10,8,4,Saturday,40,True,2,100,2.0,True
965,2022-10-08,Frankie,Fastfood,50,5,250,Online,Mrs.,Night,250,2022,10,8,4,Saturday,40,True,5,250,2.0,True
419,2022-10-08,Sugarcane Juice,Beverages,25,14,350,Unknown,Mrs.,Midnight,350,2022,10,8,4,Saturday,40,True,14,350,4.0,True
859,2022-10-08,Sandwich,Fastfood,60,11,660,Cash,Mrs.,Midnight,660,2022,10,8,4,Saturday,40,True,11,660,1.0,True
388,2022-10-09,Sandwich,Fastfood,60,14,840,Cash,Mr.,Evening,840,2022,10,9,4,Sunday,40,True,14,840,1.0,True
910,2022-10-09,Panipuri,Fastfood,20,1,20,Cash,Mrs.,Afternoon,20,2022,10,9,4,Sunday,40,True,1,20,5.0,True
671,2022-10-09,Sandwich,Fastfood,60,2,120,Online,Mr.,Afternoon,120,2022,10,9,4,Sunday,40,True,2,120,1.0,True
145,2022-10-09,Sandwich,Fastfood,60,14,840,Online,Mr.,Morning,840,2022,10,9,4,Sunday,40,True,14,840,1.0,True
280,2022-10-09,Panipuri,Fastfood,20,14,280,Online,Mrs.,Evening,280,2022,10,9,4,Sunday,40,True,14,280,5.0,True
254,2022-10-09,Cold Coffee,Beverages,40,12,480,Unknown,Mrs.,Afternoon,480,2022,10,9,4,Sunday,40,True,12,480,3.0,True
658,2022-10-10,Aalopuri,Fastfood,20,12,240,Unknown,Mrs.,Afternoon,240,2022,10,10,4,Monday,41,False,12,240,6.0,False
717,2022-10-11,Sugarcane Juice,Beverages,25,15,375,Unknown,Mrs.,Evening,375,2022,10,11,4,Tuesday,41,False,15,375,4.0,True
682,2022-10-11,Aalopuri,Fastfood,20,14,280,Online,Mr.,Midnight,280,2022,10,11,4,Tuesday,41,False,14,280,6.0,False
661,2022-10-11,Frankie,Fastfood,50,7,350,Online,Mrs.,Midnight,350,2022,10,11,4,Tuesday,41,False,7,350,2.0,True
989,2022-10-11,Cold Coffee,Beverages,40,13,520,Cash,Mr.,Afternoon,520,2022,10,11,4,Tuesday,41,False,13,520,3.0,True
401,2022-10-11,Sugarcane Juice,Beverages,25,8,200,Online,Mrs.,Midnight,200,2022,10,11,4,Tuesday,41,False,8,200,4.0,True
364,2022-10-11,Cold Coffee,Beverages,40,2,80,Online,Mr.,Night,80,2022,10,11,4,Tuesday,41,False,2,80,3.0,True
804,2022-10-11,Cold Coffee,Beverages,40,12,480,Online,Mrs.,Night,480,2022,10,11,4,Tuesday,41,False,12,480,3.0,True
187,2022-10-11,Aalopuri,Fastfood,20,15,300,Cash,Mrs.,Morning,300,2022,10,11,4,Tuesday,41,False,15,300,6.0,False
27,2022-10-12,Cold Coffee,Beverages,40,11,440,Online,Mrs.,Afternoon,440,2022,10,12,4,Wednesday,41,False,11,440,3.0,True
819,2022-10-12,Vadapav,Fastfood,20,10,200,Cash,Mr.,Evening,200,2022,10,12,4,Wednesday,41,False,10,200,7.0,False
813,2022-10-13,Panipuri,Fastfood,20,10,200,Online,Mr.,Afternoon,200,2022,10,13,4,Thursday,41,False,10,200,5.0,True
563,2022-10-13,Frankie,Fastfood,50,7,350,Online,Mrs.,Evening,350,2022,10,13,4,Thursday,41,False,7,350,2.0,True
406,2022-10-13,Cold Coffee,Beverages,40,4,160,Online,Mrs.,Afternoon,160,2022,10,13,4,Thursday,41,False,4,160,3.0,True
854,2022-10-14,Cold Coffee,Beverages,40,14,560,Online,Mrs.,Night,560,2022,10,14,4,Friday,41,False,14,560,3.0,True
309,2022-10-14,Sandwich,Fastfood,60,8,480,Online,Mr.,Evening,480,2022,10,14,4,Friday,41,False,8,480,1.0,True
124,2022-10-14,Sugarcane Juice,Beverages,25,13,325,Unknown,Mrs.,Evening,325,2022,10,14,4,Friday,41,False,13,325,4.0,True
337,2022-10-15,Aalopuri,Fastfood,20,14,280,Online,Mrs.,Midnight,280,2022,10,15,4,Saturday,41,True,14,280,6.0,False
457,2022-10-16,Cold Coffee,Beverages,40,11,440,Cash,Mr.,Evening,440,2022,10,16,4,Sunday,41,True,11,440,3.0,True
885,2022-10-16,Sugarcane Juice,Beverages,25,4,100,Cash,Mr.,Evening,100,2022,10,16,4,Sunday,41,True,4,100,4.0,True
567,2022-10-16,Cold Coffee,Beverages,40,7,280,Online,Mrs.,Afternoon,280,2022,10,16,4,Sunday,41,True,7,280,3.0,True
17,2022-10-16,Panipuri,Fastfood,20,11,220,Cash,Mrs.,Morning,220,2022,10,16,4,Sunday,41,True,11,220,5.0,True
175,2022-10-17,Frankie,Fastfood,50,12,600,Cash,Mrs.,Afternoon,600,2022,10,17,4,Monday,42,False,12,600,2.0,True
205,2022-10-17,Vadapav,Fastfood,20,4,80,Unknown,Mr.,Afternoon,80,2022,10,17,4,Monday,42,False,4,80,7.0,False
467,2022-10-17,Aalopuri,Fastfood,20,11,220,Online,Mr.,Morning,220,2022,10,17,4,Monday,42,False,11,220,6.0,False
62,2022-10-17,Sugarcane Juice,Beverages,25,3,75,Cash,Mr.,Afternoon,75,2022,10,17,4,Monday,42,False,3,75,4.0,True
464,2022-10-18,Sugarcane Juice,Beverages,25,13,325,Cash,Mr.,Morning,325,2022,10,18,4,Tuesday,42,False,13,325,4.0,True
932,2022-10-18,Sandwich,Fastfood,60,9,540,Online,Mr.,Afternoon,540,2022,10,18,4,Tuesday,42,False,9,540,1.0,True
371,2022-10-18,Vadapav,Fastfood,20,5,100,Online,Mrs.,Night,100,2022,10,18,4,Tuesday,42,False,5,100,7.0,False
907,2022-10-19,Cold Coffee,Beverages,40,4,160,Unknown,Mrs.,Midnight,160,2022,10,19,4,Wednesday,42,False,4,160,3.0,True
129,2022-10-19,Panipuri,Fastfood,20,13,260,Cash,Mrs.,Morning,260,2022,10,19,4,Wednesday,42,False,13,260,5.0,True
495,2022-10-20,Aalopuri,Fastfood,20,13,260,Online,Mrs.,Midnight,260,2022,10,20,4,Thursday,42,False,13,260,6.0,False
643,2022-10-20,Sugarcane Juice,Beverages,25,2,50,Cash,Mr.,Afternoon,50,2022,10,20,4,Thursday,42,False,2,50,4.0,True
380,2022-10-20,Sandwich,Fastfood,60,5,300,Online,Mrs.,Afternoon,300,2022,10,20,4,Thursday,42,False,5,300,1.0,True
453,2022-10-20,Sandwich,Fastfood,60,1,60,Online,Mrs.,Midnight,60,2022,10,20,4,Thursday,42,False,1,60,1.0,True
992,2022-10-21,Sandwich,Fastfood,60,5,300,Cash,Mr.,Morning,300,2022,10,21,4,Friday,42,False,5,300,1.0,True
756,2022-10-21,Sugarcane Juice,Beverages,25,10,250,Online,Mrs.,Morning,250,2022,10,21,4,Friday,42,False,10,250,4.0,True
423,2022-10-21,Frankie,Fastfood,50,7,350,Cash,Mrs.,Night,350,2022,10,21,4,Friday,42,False,7,350,2.0,True
384,2022-10-22,Sugarcane Juice,Beverages,25,1,25,Online,Mr.,Afternoon,25,2022,10,22,4,Saturday,42,True,1,25,4.0,True
574,2022-10-22,Aalopuri,Fastfood,20,1,20,Cash,Mrs.,Night,20,2022,10,22,4,Saturday,42,True,1,20,6.0,False
445,2022-10-22,Sandwich,Fastfood,60,14,840,Online,Mrs.,Morning,840,2022,10,22,4,Saturday,42,True,14,840,1.0,True
777,2022-10-23,Panipuri,Fastfood,20,13,260,Cash,Mr.,Morning,260,2022,10,23,4,Sunday,42,True,13,260,5.0,True
855,2022-10-23,Vadapav,Fastfood,20,5,100,Online,Mr.,Evening,100,2022,10,23,4,Sunday,42,True,5,100,7.0,False
887,2022-10-24,Aalopuri,Fastfood,20,3,60,Cash,Mr.,Morning,60,2022,10,24,4,Monday,43,False,3,60,6.0,False
152,2022-10-24,Cold Coffee,Beverages,40,9,360,Online,Mr.,Afternoon,360,2022,10,24,4,Monday,43,False,9,360,3.0,True
335,2022-10-24,Cold Coffee,Beverages,40,11,440,Cash,Mr.,Night,440,2022,10,24,4,Monday,43,False,11,440,3.0,True
204,2022-10-24,Cold Coffee,Beverages,40,7,280,Cash,Mrs.,Evening,280,2022,10,24,4,Monday,43,False,7,280,3.0,True
192,2022-10-26,Vadapav,Fastfood,20,2,40,Online,Mr.,Night,40,2022,10,26,4,Wednesday,43,False,2,40,7.0,False
249,2022-10-26,Sugarcane Juice,Beverages,25,3,75,Online,Mrs.,Afternoon,75,2022,10,26,4,Wednesday,43,False,3,75,4.0,True
509,2022-10-26,Vadapav,Fastfood,20,11,220,Online,Mr.,Evening,220,2022,10,26,4,Wednesday,43,False,11,220,7.0,False
104,2022-10-27,Cold Coffee,Beverages,40,13,520,Online,Mr.,Morning,520,2022,10,27,4,Thursday,43,False,13,520,3.0,True
358,2022-10-27,Aalopuri,Fastfood,20,6,120,Cash,Mr.,Night,120,2022,10,27,4,Thursday,43,False,6,120,6.0,False
877,2022-10-27,Sugarcane Juice,Beverages,25,14,350,Cash,Mrs.,Afternoon,350,2022,10,27,4,Thursday,43,False,14,350,4.0,True
146,2022-10-28,Frankie,Fastfood,50,4,200,Unknown,Mrs.,Afternoon,200,2022,10,28,4,Friday,43,False,4,200,2.0,True
632,2022-10-28,Panipuri,Fastfood,20,9,180,Online,Mrs.,Night,180,2022,10,28,4,Friday,43,False,9,180,5.0,True
90,2022-10-29,Vadapav,Fastfood,20,15,300,Online,Mr.,Night,300,2022,10,29,4,Saturday,43,True,15,300,7.0,False
481,2022-10-29,Sugarcane Juice,Beverages,25,4,100,Cash,Mr.,Evening,100,2022,10,29,4,Saturday,43,True,4,100,4.0,True
711,2022-10-30,Aalopuri,Fastfood,20,3,60,Cash,Mr.,Afternoon,60,2022,10,30,4,Sunday,43,True,3,60,6.0,False
333,2022-10-30,Sugarcane Juice,Beverages,25,11,275,Cash,Mrs.,Afternoon,275,2022,10,30,4,Sunday,43,True,11,275,4.0,True
896,2022-10-30,Aalopuri,Fastfood,20,13,260,Cash,Mr.,Night,260,2022,10,30,4,Sunday,43,True,13,260,6.0,False
825,2022-10-30,Panipuri,Fastfood,20,14,280,Cash,Mrs.,Morning,280,2022,10,30,4,Sunday,43,True,14,280,5.0,True
396,2022-10-31,Frankie,Fastfood,50,15,750,Online,Mr.,Morning,750,2022,10,31,4,Monday,44,False,15,750,2.0,True
664,2022-10-31,Frankie,Fastfood,50,10,500,Online,Mrs.,Morning,500,2022,10,31,4,Monday,44,False,10,500,2.0,True
870,2022-10-31,Cold Coffee,Beverages,40,5,200,Online,Mrs.,Afternoon,200,2022,10,31,4,Monday,44,False,5,200,3.0,True
994,2022-11-01,Panipuri,Fastfood,20,2,40,Online,Mrs.,Evening,40,2022,11,1,4,Tuesday,44,False,2,40,5.0,True
601,2022-11-01,Aalopuri,Fastfood,20,12,240,Online,Mr.,Morning,240,2022,11,1,4,Tuesday,44,False,12,240,6.0,False
703,2022-11-01,Panipuri,Fastfood,20,10,200,Online,Mrs.,Afternoon,200,2022,11,1,4,Tuesday,44,False,10,200,5.0,True
316,2022-11-02,Frankie,Fastfood,50,4,200,Online,Mr.,Morning,200,2022,11,2,4,Wednesday,44,False,4,200,2.0,True
50,2022-11-02,Vadapav,Fastfood,20,8,160,Cash,Mrs.,Midnight,160,2022,11,2,4,Wednesday,44,False,8,160,7.0,False
679,2022-11-02,Sandwich,Fastfood,60,12,720,Online,Mr.,Morning,720,2022,11,2,4,Wednesday,44,False,12,720,1.0,True
441,2022-11-02,Aalopuri,Fastfood,20,1,20,Online,Mrs.,Midnight,20,2022,11,2,4,Wednesday,44,False,1,20,6.0,False
515,2022-11-02,Sandwich,Fastfood,60,7,420,Unknown,Mrs.,Night,420,2022,11,2,4,Wednesday,44,False,7,420,1.0,True
849,2022-11-03,Cold Coffee,Beverages,40,10,400,Cash,Mrs.,Night,400,2022,11,3,4,Thursday,44,False,10,400,3.0,True
523,2022-11-03,Frankie,Fastfood,50,6,300,Cash,Mr.,Afternoon,300,2022,11,3,4,Thursday,44,False,6,300,2.0,True
503,2022-11-04,Aalopuri,Fastfood,20,13,260,Cash,Mrs.,Morning,260,2022,11,4,4,Friday,44,False,13,260,6.0,False
430,2022-11-05,Sandwich,Fastfood,60,4,240,Online,Mr.,Night,240,2022,11,5,4,Saturday,44,True,4,240,1.0,True
79,2022-11-05,Panipuri,Fastfood,20,6,120,Online,Mr.,Night,120,2022,11,5,4,Saturday,44,True,6,120,5.0,True
649,2022-11-05,Frankie,Fastfood,50,9,450,Cash,Mr.,Midnight,450,2022,11,5,4,Saturday,44,True,9,450,2.0,True
228,2022-11-05,Panipuri,Fastfood,20,8,160,Online,Mr.,Night,160,2022,11,5,4,Saturday,44,True,8,160,5.0,True
18,2022-11-05,Panipuri,Fastfood,20,10,200,Cash,Mrs.,Night,200,2022,11,5,4,Saturday,44,True,10,200,5.0,True
879,2022-11-06,Cold Coffee,Beverages,40,9,360,Cash,Mrs.,Evening,360,2022,11,6,4,Sunday,44,True,9,360,3.0,True
800,2022-11-06,Cold Coffee,Beverages,40,14,560,Cash,Mr.,Night,560,2022,11,6,4,Sunday,44,True,14,560,3.0,True
969,2022-11-06,Cold Coffee,Beverages,40,11,440,Cash,Mr.,Morning,440,2022,11,6,4,Sunday,44,True,11,440,3.0,True
49,2022-11-06,Frankie,Fastfood,50,4,200,Online,Mrs.,Morning,200,2022,11,6,4,Sunday,44,True,4,200,2.0,True
496,2022-11-07,Cold Coffee,Beverages,40,10,400,Online,Mrs.,Night,400,2022,11,7,4,Monday,45,False,10,400,3.0,True
857,2022-11-08,Sugarcane Juice,Beverages,25,14,350,Online,Mrs.,Evening,350,2022,11,8,4,Tuesday,45,False,14,350,4.0,True
197,2022-11-08,Panipuri,Fastfood,20,10,200,Cash,Mrs.,Midnight,200,2022,11,8,4,Tuesday,45,False,10,200,5.0,True
237,2022-11-08,Panipuri,Fastfood,20,13,260,Cash,Mrs.,Midnight,260,2022,11,8,4,Tuesday,45,False,13,260,5.0,True
743,2022-11-09,Panipuri,Fastfood,20,1,20,Cash,Mr.,Morning,20,2022,11,9,4,Wednesday,45,False,1,20,5.0,True
848,2022-11-10,Frankie,Fastfood,50,9,450,Cash,Mr.,Night,450,2022,11,10,4,Thursday,45,False,9,450,2.0,True
953,2022-11-10,Sandwich,Fastfood,60,2,120,Online,Mrs.,Afternoon,120,2022,11,10,4,Thursday,45,False,2,120,1.0,True
951,2022-11-11,Panipuri,Fastfood,20,11,220,Cash,Mrs.,Afternoon,220,2022,11,11,4,Friday,45,False,11,220,5.0,True
553,2022-11-11,Panipuri,Fastfood,20,14,280,Cash,Mr.,Evening,280,2022,11,11,4,Friday,45,False,14,280,5.0,True
918,2022-11-12,Panipuri,Fastfood,20,6,120,Cash,Mr.,Evening,120,2022,11,12,4,Saturday,45,True,6,120,5.0,True
761,2022-11-12,Sandwich,Fastfood,60,3,180,Unknown,Mrs.,Midnight,180,2022,11,12,4,Saturday,45,True,3,180,1.0,True
418,2022-11-12,Cold Coffee,Beverages,40,7,280,Online,Mr.,Night,280,2022,11,12,4,Saturday,45,True,7,280,3.0,True
243,2022-11-12,Panipuri,Fastfood,20,5,100,Cash,Mrs.,Midnight,100,2022,11,12,4,Saturday,45,True,5,100,5.0,True
83,2022-11-13,Frankie,Fastfood,50,11,550,Unknown,Mr.,Evening,550,2022,11,13,4,Sunday,45,True,11,550,2.0,True
41,2022-11-13,Cold Coffee,Beverages,40,11,440,Unknown,Mr.,Afternoon,440,2022,11,13,4,Sunday,45,True,11,440,3.0,True
760,2022-11-14,Sugarcane Juice,Beverages,25,1,25,Online,Mrs.,Evening,25,2022,11,14,4,Monday,46,False,1,25,4.0,True
6,2022-11-14,Vadapav,Fastfood,20,10,200,Cash,Mr.,Evening,200,2022,11,14,4,Monday,46,False,10,200,7.0,False
250,2022-11-15,Sugarcane Juice,Beverages,25,6,150,Online,Mrs.,Midnight,150,2022,11,15,4,Tuesday,46,False,6,150,4.0,True
550,2022-11-15,Cold Coffee,Beverages,40,15,600,Online,Mr.,Afternoon,600,2022,11,15,4,Tuesday,46,False,15,600,3.0,True
700,2022-11-15,Frankie,Fastfood,50,6,300,Cash,Mrs.,Evening,300,2022,11,15,4,Tuesday,46,False,6,300,2.0,True
246,2022-11-16,Vadapav,Fastfood,20,10,200,Cash,Mr.,Afternoon,200,2022,11,16,4,Wednesday,46,False,10,200,7.0,False
110,2022-11-16,Panipuri,Fastfood,20,2,40,Online,Mrs.,Morning,40,2022,11,16,4,Wednesday,46,False,2,40,5.0,True
916,2022-11-17,Cold Coffee,Beverages,40,15,600,Unknown,Mrs.,Afternoon,600,2022,11,17,4,Thursday,46,False,15,600,3.0,True
375,2022-11-17,Panipuri,Fastfood,20,13,260,Cash,Mr.,Evening,260,2022,11,17,4,Thursday,46,False,13,260,5.0,True
227,2022-11-17,Cold Coffee,Beverages,40,5,200,Cash,Mrs.,Afternoon,200,2022,11,17,4,Thursday,46,False,5,200,3.0,True
144,2022-11-17,Panipuri,Fastfood,20,10,200,Cash,Mrs.,Evening,200,2022,11,17,4,Thursday,46,False,10,200,5.0,True
742,2022-11-18,Panipuri,Fastfood,20,14,280,Online,Mr.,Night,280,2022,11,18,4,Friday,46,False,14,280,5.0,True
259,2022-11-18,Sandwich,Fastfood,60,4,240,Online,Mr.,Morning,240,2022,11,18,4,Friday,46,False,4,240,1.0,True
81,2022-11-19,Frankie,Fastfood,50,12,600,Online,Mrs.,Night,600,2022,11,19,4,Saturday,46,True,12,600,2.0,True
372,2022-11-19,Frankie,Fastfood,50,12,600,Unknown,Mr.,Morning,600,2022,11,19,4,Saturday,46,True,12,600,2.0,True
3,2022-11-20,Vadapav,Fastfood,20,1,20,Cash,Mr.,Afternoon,20,2022,11,20,4,Sunday,46,True,1,20,7.0,False
411,2022-11-20,Panipuri,Fastfood,20,12,240,Cash,Mr.,Afternoon,240,2022,11,20,4,Sunday,46,True,12,240,5.0,True
460,2022-11-20,Aalopuri,Fastfood,20,2,40,Cash,Mr.,Morning,40,2022,11,20,4,Sunday,46,True,2,40,6.0,False
970,2022-11-21,Aalopuri,Fastfood,20,5,100,Online,Mrs.,Afternoon,100,2022,11,21,4,Monday,47,False,5,100,6.0,False
244,2022-11-22,Sandwich,Fastfood,60,10,600,Online,Mrs.,Midnight,600,2022,11,22,4,Tuesday,47,False,10,600,1.0,True
858,2022-11-22,Cold Coffee,Beverages,40,9,360,Cash,Mr.,Evening,360,2022,11,22,4,Tuesday,47,False,9,360,3.0,True
56,2022-11-23,Panipuri,Fastfood,20,11,220,Cash,Mrs.,Midnight,220,2022,11,23,4,Wednesday,47,False,11,220,5.0,True
386,2022-11-23,Frankie,Fastfood,50,5,250,Online,Mr.,Midnight,250,2022,11,23,4,Wednesday,47,False,5,250,2.0,True
410,2022-11-23,Aalopuri,Fastfood,20,15,300,Online,Mr.,Afternoon,300,2022,11,23,4,Wednesday,47,False,15,300,6.0,False
902,2022-11-23,Frankie,Fastfood,50,4,200,Online,Mr.,Afternoon,200,2022,11,23,4,Wednesday,47,False,4,200,2.0,True
672,2022-11-24,Cold Coffee,Beverages,40,3,120,Unknown,Mrs.,Evening,120,2022,11,24,4,Thursday,47,False,3,120,3.0,True
990,2022-11-24,Vadapav,Fastfood,20,10,200,Online,Mrs.,Morning,200,2022,11,24,4,Thursday,47,False,10,200,7.0,False
729,2022-11-24,Sandwich,Fastfood,60,7,420,Cash,Mr.,Night,420,2022,11,24,4,Thursday,47,False,7,420,1.0,True
686,2022-11-25,Cold Coffee,Beverages,40,5,200,Cash,Mr.,Afternoon,200,2022,11,25,4,Friday,47,False,5,200,3.0,True
14,2022-11-25,Frankie,Fastfood,50,4,200,Online,Mr.,Morning,200,2022,11,25,4,Friday,47,False,4,200,2.0,True
519,2022-11-25,Cold Coffee,Beverages,40,10,400,Cash,Mr.,Morning,400,2022,11,25,4,Friday,47,False,10,400,3.0,True
698,2022-11-26,Panipuri,Fastfood,20,10,200,Online,Mr.,Night,200,2022,11,26,4,Saturday,47,True,10,200,5.0,True
404,2022-11-26,Frankie,Fastfood,50,7,350,Cash,Mrs.,Midnight,350,2022,11,26,4,Saturday,47,True,7,350,2.0,True
797,2022-11-26,Cold Coffee,Beverages,40,11,440,Cash,Mr.,Night,440,2022,11,26,4,Saturday,47,True,11,440,3.0,True
780,2022-11-27,Sugarcane Juice,Beverages,25,13,325,Online,Mrs.,Afternoon,325,2022,11,27,4,Sunday,47,True,13,325,4.0,True
930,2022-11-27,Sugarcane Juice,Beverages,25,10,250,Online,Mr.,Night,250,2022,11,27,4,Sunday,47,True,10,250,4.0,True
571,2022-11-28,Sugarcane Juice,Beverages,25,1,25,Cash,Mrs.,Evening,25,2022,11,28,4,Monday,48,False,1,25,4.0,True
959,2022-11-28,Vadapav,Fastfood,20,8,160,Online,Mrs.,Midnight,160,2022,11,28,4,Monday,48,False,8,160,7.0,False
830,2022-11-28,Cold Coffee,Beverages,40,9,360,Unknown,Mr.,Night,360,2022,11,28,4,Monday,48,False,9,360,3.0,True
289,2022-11-28,Aalopuri,Fastfood,20,7,140,Online,Mrs.,Midnight,140,2022,11,28,4,Monday,48,False,7,140,6.0,False
440,2022-11-28,Aalopuri,Fastfood,20,7,140,Cash,Mr.,Afternoon,140,2022,11,28,4,Monday,48,False,7,140,6.0,False
656,2022-11-28,Sandwich,Fastfood,60,6,360,Online,Mrs.,Midnight,360,2022,11,28,4,Monday,48,False,6,360,1.0,True
693,2022-11-29,Sugarcane Juice,Beverages,25,13,325,Online,Mrs.,Midnight,325,2022,11,29,4,Tuesday,48,False,13,325,4.0,True
327,2022-11-29,Frankie,Fastfood,50,15,750,Cash,Mrs.,Midnight,750,2022,11,29,4,Tuesday,48,False,15,750,2.0,True
235,2022-11-29,Sandwich,Fastfood,60,10,600,Cash,Mrs.,Afternoon,600,2022,11,29,4,Tuesday,48,False,10,600,1.0,True
597,2022-11-30,Panipuri,Fastfood,20,10,200,Online,Mr.,Midnight,200,2022,11,30,4,Wednesday,48,False,10,200,5.0,True
366,2022-11-30,Sugarcane Juice,Beverages,25,10,250,Online,Mrs.,Afternoon,250,2022,11,30,4,Wednesday,48,False,10,250,4.0,True
11,2022-12-01,Frankie,Fastfood,50,8,400,Online,Mrs.,Afternoon,400,2022,12,1,4,Thursday,48,False,8,400,2.0,True
180,2022-12-01,Vadapav,Fastfood,20,6,120,Online,Mrs.,Afternoon,120,2022,12,1,4,Thursday,48,False,6,120,7.0,False
63,2022-12-01,Sandwich,Fastfood,60,7,420,Online,Mrs.,Morning,420,2022,12,1,4,Thursday,48,False,7,420,1.0,True
927,2022-12-02,Cold Coffee,Beverages,40,6,240,Unknown,Mrs.,Evening,240,2022,12,2,4,Friday,48,False,6,240,3.0,True
826,2022-12-02,Sandwich,Fastfood,60,15,900,Cash,Mrs.,Night,900,2022,12,2,4,Friday,48,False,15,900,1.0,True
713,2022-12-02,Sugarcane Juice,Beverages,25,14,350,Online,Mrs.,Morning,350,2022,12,2,4,Friday,48,False,14,350,4.0,True
214,2022-12-03,Sugarcane Juice,Beverages,25,14,350,Online,Mr.,Evening,350,2022,12,3,4,Saturday,48,True,14,350,4.0,True
716,2022-12-03,Panipuri,Fastfood,20,9,180,Cash,Mrs.,Midnight,180,2022,12,3,4,Saturday,48,True,9,180,5.0,True
127,2022-12-03,Aalopuri,Fastfood,20,1,20,Unknown,Mrs.,Morning,20,2022,12,3,4,Saturday,48,True,1,20,6.0,False
376,2022-12-04,Frankie,Fastfood,50,15,750,Cash,Mr.,Midnight,750,2022,12,4,4,Sunday,48,True,15,750,2.0,True
209,2022-12-04,Aalopuri,Fastfood,20,2,40,Cash,Mr.,Night,40,2022,12,4,4,Sunday,48,True,2,40,6.0,False
592,2022-12-04,Sugarcane Juice,Beverages,25,7,175,Cash,Mr.,Morning,175,2022,12,4,4,Sunday,48,True,7,175,4.0,True
239,2022-12-04,Frankie,Fastfood,50,4,200,Online,Mr.,Evening,200,2022,12,4,4,Sunday,48,True,4,200,2.0,True
584,2022-12-04,Cold Coffee,Beverages,40,15,600,Cash,Mr.,Morning,600,2022,12,4,4,Sunday,48,True,15,600,3.0,True
71,2022-12-05,Cold Coffee,Beverages,40,6,240,Online,Mr.,Night,240,2022,12,5,4,Monday,49,False,6,240,3.0,True
132,2022-12-05,Vadapav,Fastfood,20,4,80,Online,Mrs.,Night,80,2022,12,5,4,Monday,49,False,4,80,7.0,False
415,2022-12-05,Vadapav,Fastfood,20,8,160,Online,Mr.,Evening,160,2022,12,5,4,Monday,49,False,8,160,7.0,False
900,2022-12-07,Sugarcane Juice,Beverages,25,9,225,Online,Mr.,Afternoon,225,2022,12,7,4,Wednesday,49,False,9,225,4.0,True
785,2022-12-07,Aalopuri,Fastfood,20,2,40,Online,Mr.,Afternoon,40,2022,12,7,4,Wednesday,49,False,2,40,6.0,False
871,2022-12-07,Vadapav,Fastfood,20,14,280,Unknown,Mrs.,Evening,280,2022,12,7,4,Wednesday,49,False,14,280,7.0,False
277,2022-12-08,Cold Coffee,Beverages,40,13,520,Cash,Mrs.,Midnight,520,2022,12,8,4,Thursday,49,False,13,520,3.0,True
64,2022-12-09,Cold Coffee,Beverages,40,1,40,Cash,Mr.,Morning,40,2022,12,9,4,Friday,49,False,1,40,3.0,True
681,2022-12-09,Frankie,Fastfood,50,9,450,Online,Mrs.,Night,450,2022,12,9,4,Friday,49,False,9,450,2.0,True
178,2022-12-09,Aalopuri,Fastfood,20,2,40,Cash,Mrs.,Morning,40,2022,12,9,4,Friday,49,False,2,40,6.0,False
518,2022-12-09,Aalopuri,Fastfood,20,6,120,Cash,Mrs.,Morning,120,2022,12,9,4,Friday,49,False,6,120,6.0,False
504,2022-12-09,Cold Coffee,Beverages,40,8,320,Cash,Mr.,Evening,320,2022,12,9,4,Friday,49,False,8,320,3.0,True
560,2022-12-10,Sugarcane Juice,Beverages,25,1,25,Cash,Mr.,Evening,25,2022,12,10,4,Saturday,49,True,1,25,4.0,True
508,2022-12-10,Sandwich,Fastfood,60,1,60,Cash,Mr.,Night,60,2022,12,10,4,Saturday,49,True,1,60,1.0,True
215,2022-12-10,Sugarcane Juice,Beverages,25,7,175,Unknown,Mrs.,Morning,175,2022,12,10,4,Saturday,49,True,7,175,4.0,True
240,2022-12-11,Sandwich,Fastfood,60,10,600,Cash,Mrs.,Morning,600,2022,12,11,4,Sunday,49,True,10,600,1.0,True
113,2022-12-12,Aalopuri,Fastfood,20,8,160,Cash,Mr.,Afternoon,160,2022,12,12,4,Monday,50,False,8,160,6.0,False
226,2022-12-12,Aalopuri,Fastfood,20,13,260,Online,Mrs.,Afternoon,260,2022,12,12,4,Monday,50,False,13,260,6.0,False
809,2022-12-12,Panipuri,Fastfood,20,10,200,Online,Mr.,Evening,200,2022,12,12,4,Monday,50,False,10,200,5.0,True
405,2022-12-13,Sugarcane Juice,Beverages,25,10,250,Cash,Mr.,Night,250,2022,12,13,4,Tuesday,50,False,10,250,4.0,True
905,2022-12-13,Frankie,Fastfood,50,15,750,Cash,Mrs.,Midnight,750,2022,12,13,4,Tuesday,50,False,15,750,2.0,True
154,2022-12-13,Vadapav,Fastfood,20,3,60,Cash,Mr.,Night,60,2022,12,13,4,Tuesday,50,False,3,60,7.0,False
507,2022-12-14,Aalopuri,Fastfood,20,14,280,Online,Mrs.,Morning,280,2022,12,14,4,Wednesday,50,False,14,280,6.0,False
714,2022-12-14,Sugarcane Juice,Beverages,25,14,350,Cash,Mr.,Afternoon,350,2022,12,14,4,Wednesday,50,False,14,350,4.0,True
544,2022-12-14,Sandwich,Fastfood,60,15,900,Online,Mrs.,Morning,900,2022,12,14,4,Wednesday,50,False,15,900,1.0,True
622,2022-12-14,Panipuri,Fastfood,20,13,260,Online,Mr.,Afternoon,260,2022,12,14,4,Wednesday,50,False,13,260,5.0,True
286,2022-12-14,Vadapav,Fastfood,20,6,120,Unknown,Mr.,Night,120,2022,12,14,4,Wednesday,50,False,6,120,7.0,False
607,2022-12-15,Vadapav,Fastfood,20,9,180,Cash,Mrs.,Afternoon,180,2022,12,15,4,Thursday,50,False,9,180,7.0,False
194,2022-12-15,Vadapav,Fastfood,20,4,80,Cash,Mrs.,Morning,80,2022,12,15,4,Thursday,50,False,4,80,7.0,False
229,2022-12-15,Panipuri,Fastfood,20,7,140,Unknown,Mr.,Evening,140,2022,12,15,4,Thursday,50,False,7,140,5.0,True
782,2022-12-16,Aalopuri,Fastfood,20,5,100,Online,Mr.,Night,100,2022,12,16,4,Friday,50,False,5,100,6.0,False
707,2022-12-16,Panipuri,Fastfood,20,2,40,Online,Mr.,Night,40,2022,12,16,4,Friday,50,False,2,40,5.0,True
308,2022-12-17,Sandwich,Fastfood,60,13,780,Online,Mr.,Evening,780,2022,12,17,4,Saturday,50,True,13,780,1.0,True
68,2022-12-17,Cold Coffee,Beverages,40,2,80,Unknown,Mr.,Night,80,2022,12,17,4,Saturday,50,True,2,80,3.0,True
712,2022-12-17,Vadapav,Fastfood,20,3,60,Online,Mrs.,Midnight,60,2022,12,17,4,Saturday,50,True,3,60,7.0,False
924,2022-12-17,Panipuri,Fastfood,20,14,280,Cash,Mr.,Afternoon,280,2022,12,17,4,Saturday,50,True,14,280,5.0,True
687,2022-12-18,Vadapav,Fastfood,20,10,200,Cash,Mrs.,Midnight,200,2022,12,18,4,Sunday,50,True,10,200,7.0,False
614,2022-12-19,Vadapav,Fastfood,20,2,40,Unknown,Mr.,Morning,40,2022,12,19,4,Monday,51,False,2,40,7.0,False
133,2022-12-20,Aalopuri,Fastfood,20,5,100,Online,Mr.,Midnight,100,2022,12,20,4,Tuesday,51,False,5,100,6.0,False
251,2022-12-21,Cold Coffee,Beverages,40,13,520,Unknown,Mrs.,Afternoon,520,2022,12,21,4,Wednesday,51,False,13,520,3.0,True
21,2022-12-21,Cold Coffee,Beverages,40,15,600,Cash,Mr.,Evening,600,2022,12,21,4,Wednesday,51,False,15,600,3.0,True
318,2022-12-21,Aalopuri,Fastfood,20,10,200,Online,Mrs.,Midnight,200,2022,12,21,4,Wednesday,51,False,10,200,6.0,False
13,2022-12-22,Panipuri,Fastfood,20,9,180,Online,Mrs.,Afternoon,180,2022,12,22,4,Thursday,51,False,9,180,5.0,True
8,2022-12-22,Panipuri,Fastfood,20,14,280,Online,Mr.,Night,280,2022,12,22,4,Thursday,51,False,14,280,5.0,True
269,2022-12-22,Panipuri,Fastfood,20,2,40,Unknown,Mrs.,Midnight,40,2022,12,22,4,Thursday,51,False,2,40,5.0,True
389,2022-12-22,Sandwich,Fastfood,60,12,720,Cash,Mrs.,Evening,720,2022,12,22,4,Thursday,51,False,12,720,1.0,True
242,2022-12-23,Cold Coffee,Beverages,40,4,160,Online,Mrs.,Midnight,160,2022,12,23,4,Friday,51,False,4,160,3.0,True
89,2022-12-23,Aalopuri,Fastfood,20,14,280,Cash,Mr.,Evening,280,2022,12,23,4,Friday,51,False,14,280,6.0,False
218,2022-12-23,Cold Coffee,Beverages,40,13,520,Online,Mrs.,Midnight,520,2022,12,23,4,Friday,51,False,13,520,3.0,True
901,2022-12-24,Vadapav,Fastfood,20,7,140,Online,Mrs.,Morning,140,2022,12,24,4,Saturday,51,True,7,140,7.0,False
428,2022-12-24,Sugarcane Juice,Beverages,25,8,200,Online,Mr.,Afternoon,200,2022,12,24,4,Saturday,51,True,8,200,4.0,True
575,2022-12-24,Vadapav,Fastfood,20,1,20,Online,Mrs.,Midnight,20,2022,12,24,4,Saturday,51,True,1,20,7.0,False
98,2022-12-24,Vadapav,Fastfood,20,1,20,Online,Mr.,Morning,20,2022,12,24,4,Saturday,51,True,1,20,7.0,False
600,2022-12-24,Panipuri,Fastfood,20,6,120,Cash,Mrs.,Morning,120,2022,12,24,4,Saturday,51,True,6,120,5.0,True
452,2022-12-25,Frankie,Fastfood,50,5,250,Online,Mr.,Afternoon,250,2022,12,25,4,Sunday,51,True,5,250,2.0,True
200,2022-12-25,Cold Coffee,Beverages,40,10,400,Cash,Mrs.,Morning,400,2022,12,25,4,Sunday,51,True,10,400,3.0,True
757,2022-12-25,Sugarcane Juice,Beverages,25,11,275,Online,Mr.,Morning,275,2022,12,25,4,Sunday,51,True,11,275,4.0,True
759,2022-12-25,Sugarcane Juice,Beverages,25,13,325,Online,Mr.,Midnight,325,2022,12,25,4,Sunday,51,True,13,325,4.0,True
61,2022-12-25,Vadapav,Fastfood,20,14,280,Cash,Mrs.,Afternoon,280,2022,12,25,4,Sunday,51,True,14,280,7.0,False
506,2022-12-26,Cold Coffee,Beverages,40,12,480,Cash,Mrs.,Midnight,480,2022,12,26,4,Monday,52,False,12,480,3.0,True
490,2022-12-26,Cold Coffee,Beverages,40,8,320,Cash,Mr.,Morning,320,2022,12,26,4,Monday,52,False,8,320,3.0,True
478,2022-12-27,Sugarcane Juice,Beverages,25,9,225,Cash,Mrs.,Afternoon,225,2022,12,27,4,Tuesday,52,False,9,225,4.0,True
810,2022-12-27,Vadapav,Fastfood,20,3,60,Online,Mr.,Morning,60,2022,12,27,4,Tuesday,52,False,3,60,7.0,False
891,2022-12-27,Cold Coffee,Beverages,40,11,440,Cash,Mr.,Midnight,440,2022,12,27,4,Tuesday,52,False,11,440,3.0,True
54,2022-12-28,Panipuri,Fastfood,20,14,280,Online,Mrs.,Morning,280,2022,12,28,4,Wednesday,52,False,14,280,5.0,True
718,2022-12-28,Aalopuri,Fastfood,20,2,40,Online,Mr.,Afternoon,40,2022,12,28,4,Wednesday,52,False,2,40,6.0,False
312,2022-12-28,Cold Coffee,Beverages,40,1,40,Cash,Mrs.,Night,40,2022,12,28,4,Wednesday,52,False,1,40,3.0,True
188,2022-12-28,Panipuri,Fastfood,20,14,280,Cash,Mrs.,Night,280,2022,12,28,4,Wednesday,52,False,14,280,5.0,True
130,2022-12-28,Sugarcane Juice,Beverages,25,7,175,Cash,Mr.,Night,175,2022,12,28,4,Wednesday,52,False,7,175,4.0,True
323,2022-12-29,Aalopuri,Fastfood,20,4,80,Cash,Mr.,Morning,80,2022,12,29,4,Thursday,52,False,4,80,6.0,False
522,2022-12-29,Panipuri,Fastfood,20,13,260,Cash,Mrs.,Midnight,260,2022,12,29,4,Thursday,52,False,13,260,5.0,True
754,2022-12-29,Sugarcane Juice,Beverages,25,14,350,Cash,Mrs.,Evening,350,2022,12,29,4,Thursday,52,False,14,350,4.0,True
568,2022-12-29,Panipuri,Fastfood,20,12,240,Unknown,Mrs.,Afternoon,240,2022,12,29,4,Thursday,52,False,12,240,5.0,True
362,2022-12-30,Sugarcane Juice,Beverages,25,2,50,Cash,Mr.,Morning,50,2022,12,30,4,Friday,52,False,2,50,4.0,True
142,2022-12-30,Sugarcane Juice,Beverages,25,12,300,Cash,Mrs.,Morning,300,2022,12,30,4,Friday,52,False,12,300,4.0,True
456,2022-12-31,Cold Coffee,Beverages,40,13,520,Unknown,Mrs.,Night,520,2022,12,31,4,Saturday,52,True,13,520,3.0,True
903,2023-01-01,Aalopuri,Fastfood,20,15,300,Online,Mr.,Night,300,2023,1,1,1,Sunday,52,True,15,300,6.0,False
545,2023-01-01,Sandwich,Fastfood,60,13,780,Online,Mrs.,Midnight,780,2023,1,1,1,Sunday,52,True,13,780,1.0,True
210,2023-01-02,Sugarcane Juice,Beverages,25,15,375,Unknown,Mr.,Night,375,2023,1,2,1,Monday,1,False,15,375,4.0,True
569,2023-01-02,Cold Coffee,Beverages,40,15,600,Online,Mrs.,Midnight,600,2023,1,2,1,Monday,1,False,15,600,3.0,True
407,2023-01-02,Sugarcane Juice,Beverages,25,2,50,Cash,Mr.,Evening,50,2023,1,2,1,Monday,1,False,2,50,4.0,True
755,2023-01-02,Aalopuri,Fastfood,20,12,240,Cash,Mrs.,Night,240,2023,1,2,1,Monday,1,False,12,240,6.0,False
895,2023-01-03,Sugarcane Juice,Beverages,25,11,275,Cash,Mr.,Afternoon,275,2023,1,3,1,Tuesday,1,False,11,275,4.0,True
184,2023-01-03,Cold Coffee,Beverages,40,8,320,Cash,Mr.,Night,320,2023,1,3,1,Tuesday,1,False,8,320,3.0,True
988,2023-01-03,Frankie,Fastfood,50,13,650,Unknown,Mrs.,Night,650,2023,1,3,1,Tuesday,1,False,13,650,2.0,True
257,2023-01-03,Sandwich,Fastfood,60,10,600,Cash,Mrs.,Midnight,600,2023,1,3,1,Tuesday,1,False,10,600,1.0,True
919,2023-01-03,Vadapav,Fastfood,20,8,160,Online,Mrs.,Evening,160,2023,1,3,1,Tuesday,1,False,8,160,7.0,False
502,2023-01-04,Panipuri,Fastfood,20,13,260,Online,Mr.,Night,260,2023,1,4,1,Wednesday,1,False,13,260,5.0,True
987,2023-01-04,Vadapav,Fastfood,20,3,60,Cash,Mrs.,Evening,60,2023,1,4,1,Wednesday,1,False,3,60,7.0,False
640,2023-01-04,Sandwich,Fastfood,60,15,900,Online,Mr.,Night,900,2023,1,4,1,Wednesday,1,False,15,900,1.0,True
274,2023-01-04,Sugarcane Juice,Beverages,25,10,250,Online,Mr.,Night,250,2023,1,4,1,Wednesday,1,False,10,250,4.0,True
977,2023-01-05,Aalopuri,Fastfood,20,1,20,Cash,Mr.,Evening,20,2023,1,5,1,Thursday,1,False,1,20,6.0,False
165,2023-01-05,Sandwich,Fastfood,60,11,660,Cash,Mr.,Midnight,660,2023,1,5,1,Thursday,1,False,11,660,1.0,True
37,2023-01-05,Frankie,Fastfood,50,10,500,Cash,Mr.,Night,500,2023,1,5,1,Thursday,1,False,10,500,2.0,True
198,2023-01-05,Frankie,Fastfood,50,15,750,Cash,Mr.,Morning,750,2023,1,5,1,Thursday,1,False,15,750,2.0,True
436,2023-01-05,Frankie,Fastfood,50,10,500,Cash,Mr.,Midnight,500,2023,1,5,1,Thursday,1,False,10,500,2.0,True
527,2023-01-06,Sugarcane Juice,Beverages,25,6,150,Cash,Mrs.,Afternoon,150,2023,1,6,1,Friday,1,False,6,150,4.0,True
28,2023-01-06,Cold Coffee,Beverages,40,10,400,Online,Mrs.,Afternoon,400,2023,1,6,1,Friday,1,False,10,400,3.0,True
163,2023-01-06,Frankie,Fastfood,50,6,300,Online,Mrs.,Midnight,300,2023,1,6,1,Friday,1,False,6,300,2.0,True
827,2023-01-06,Sandwich,Fastfood,60,12,720,Cash,Mr.,Midnight,720,2023,1,6,1,Friday,1,False,12,720,1.0,True
984,2023-01-07,Frankie,Fastfood,50,3,150,Cash,Mr.,Afternoon,150,2023,1,7,1,Saturday,1,True,3,150,2.0,True
949,2023-01-07,Panipuri,Fastfood,20,1,20,Cash,Mrs.,Evening,20,2023,1,7,1,Saturday,1,True,1,20,5.0,True
657,2023-01-10,Cold Coffee,Beverages,40,7,280,Unknown,Mr.,Midnight,280,2023,1,10,1,Tuesday,2,False,7,280,3.0,True
329,2023-01-10,Panipuri,Fastfood,20,7,140,Online,Mrs.,Afternoon,140,2023,1,10,1,Tuesday,2,False,7,140,5.0,True
69,2023-01-10,Vadapav,Fastfood,20,7,140,Cash,Mr.,Midnight,140,2023,1,10,1,Tuesday,2,False,7,140,7.0,False
795,2023-01-10,Vadapav,Fastfood,20,9,180,Cash,Mr.,Evening,180,2023,1,10,1,Tuesday,2,False,9,180,7.0,False
261,2023-01-11,Frankie,Fastfood,50,9,450,Cash,Mrs.,Midnight,450,2023,1,11,1,Wednesday,2,False,9,450,2.0,True
799,2023-01-11,Panipuri,Fastfood,20,1,20,Online,Mrs.,Night,20,2023,1,11,1,Wednesday,2,False,1,20,5.0,True
816,2023-01-11,Sugarcane Juice,Beverages,25,11,275,Cash,Mr.,Morning,275,2023,1,11,1,Wednesday,2,False,11,275,4.0,True
512,2023-01-11,Panipuri,Fastfood,20,3,60,Cash,Mrs.,Afternoon,60,2023,1,11,1,Wednesday,2,False,3,60,5.0,True
466,2023-01-11,Panipuri,Fastfood,20,6,120,Cash,Mr.,Evening,120,2023,1,11,1,Wednesday,2,False,6,120,5.0,True
472,2023-01-11,Panipuri,Fastfood,20,10,200,Unknown,Mr.,Midnight,200,2023,1,11,1,Wednesday,2,False,10,200,5.0,True
115,2023-01-12,Aalopuri,Fastfood,20,13,260,Unknown,Mr.,Evening,260,2023,1,12,1,Thursday,2,False,13,260,6.0,False
768,2023-01-12,Sandwich,Fastfood,60,14,840,Cash,Mr.,Afternoon,840,2023,1,12,1,Thursday,2,False,14,840,1.0,True
185,2023-01-13,Sugarcane Juice,Beverages,25,15,375,Unknown,Mr.,Night,375,2023,1,13,1,Friday,2,False,15,375,4.0,True
398,2023-01-13,Panipuri,Fastfood,20,6,120,Online,Mr.,Evening,120,2023,1,13,1,Friday,2,False,6,120,5.0,True
692,2023-01-13,Frankie,Fastfood,50,14,700,Online,Mr.,Afternoon,700,2023,1,13,1,Friday,2,False,14,700,2.0,True
747,2023-01-14,Cold Coffee,Beverages,40,3,120,Cash,Mrs.,Midnight,120,2023,1,14,1,Saturday,2,True,3,120,3.0,True
135,2023-01-14,Aalopuri,Fastfood,20,8,160,Online,Mr.,Midnight,160,2023,1,14,1,Saturday,2,True,8,160,6.0,False
494,2023-01-14,Cold Coffee,Beverages,40,10,400,Cash,Mrs.,Night,400,2023,1,14,1,Saturday,2,True,10,400,3.0,True
975,2023-01-15,Aalopuri,Fastfood,20,1,20,Cash,Mr.,Midnight,20,2023,1,15,1,Sunday,2,True,1,20,6.0,False
465,2023-01-15,Sugarcane Juice,Beverages,25,12,300,Online,Mr.,Evening,300,2023,1,15,1,Sunday,2,True,12,300,4.0,True
292,2023-01-16,Frankie,Fastfood,50,2,100,Cash,Mrs.,Midnight,100,2023,1,16,1,Monday,3,False,2,100,2.0,True
354,2023-01-16,Panipuri,Fastfood,20,14,280,Online,Mr.,Midnight,280,2023,1,16,1,Monday,3,False,14,280,5.0,True
779,2023-01-16,Sandwich,Fastfood,60,13,780,Unknown,Mr.,Night,780,2023,1,16,1,Monday,3,False,13,780,1.0,True
417,2023-01-16,Panipuri,Fastfood,20,3,60,Cash,Mr.,Evening,60,2023,1,16,1,Monday,3,False,3,60,5.0,True
948,2023-01-16,Sandwich,Fastfood,60,10,600,Online,Mr.,Evening,600,2023,1,16,1,Monday,3,False,10,600,1.0,True
447,2023-01-17,Frankie,Fastfood,50,6,300,Online,Mrs.,Afternoon,300,2023,1,17,1,Tuesday,3,False,6,300,2.0,True
343,2023-01-18,Sugarcane Juice,Beverages,25,5,125,Cash,Mr.,Afternoon,125,2023,1,18,1,Wednesday,3,False,5,125,4.0,True
991,2023-01-18,Sandwich,Fastfood,60,7,420,Cash,Mrs.,Night,420,2023,1,18,1,Wednesday,3,False,7,420,1.0,True
824,2023-01-18,Vadapav,Fastfood,20,2,40,Online,Mrs.,Evening,40,2023,1,18,1,Wednesday,3,False,2,40,7.0,False
161,2023-01-19,Sugarcane Juice,Beverages,25,12,300,Cash,Mr.,Evening,300,2023,1,19,1,Thursday,3,False,12,300,4.0,True
131,2023-01-19,Sandwich,Fastfood,60,8,480,Cash,Mr.,Night,480,2023,1,19,1,Thursday,3,False,8,480,1.0,True
629,2023-01-20,Sugarcane Juice,Beverages,25,9,225,Cash,Mrs.,Evening,225,2023,1,20,1,Friday,3,False,9,225,4.0,True
594,2023-01-20,Frankie,Fastfood,50,6,300,Cash,Mrs.,Morning,300,2023,1,20,1,Friday,3,False,6,300,2.0,True
173,2023-01-20,Cold Coffee,Beverages,40,2,80,Online,Mr.,Night,80,2023,1,20,1,Friday,3,False,2,80,3.0,True
426,2023-01-20,Frankie,Fastfood,50,14,700,Cash,Mr.,Midnight,700,2023,1,20,1,Friday,3,False,14,700,2.0,True
933,2023-01-21,Sugarcane Juice,Beverages,25,15,375,Online,Mrs.,Afternoon,375,2023,1,21,1,Saturday,3,True,15,375,4.0,True
659,2023-01-21,Panipuri,Fastfood,20,2,40,Online,Mr.,Afternoon,40,2023,1,21,1,Saturday,3,True,2,40,5.0,True
414,2023-01-21,Cold Coffee,Beverages,40,13,520,Unknown,Mr.,Night,520,2023,1,21,1,Saturday,3,True,13,520,3.0,True
981,2023-01-22,Panipuri,Fastfood,20,15,300,Online,Mr.,Midnight,300,2023,1,22,1,Sunday,3,True,15,300,5.0,True
802,2023-01-23,Sandwich,Fastfood,60,7,420,Online,Mrs.,Afternoon,420,2023,1,23,1,Monday,4,False,7,420,1.0,True
865,2023-01-23,Sugarcane Juice,Beverages,25,6,150,Cash,Mrs.,Night,150,2023,1,23,1,Monday,4,False,6,150,4.0,True
861,2023-01-24,Sugarcane Juice,Beverages,25,8,200,Cash,Mrs.,Night,200,2023,1,24,1,Tuesday,4,False,8,200,4.0,True
899,2023-01-24,Aalopuri,Fastfood,20,7,140,Cash,Mr.,Midnight,140,2023,1,24,1,Tuesday,4,False,7,140,6.0,False
537,2023-01-25,Panipuri,Fastfood,20,3,60,Cash,Mr.,Evening,60,2023,1,25,1,Wednesday,4,False,3,60,5.0,True
497,2023-01-25,Sandwich,Fastfood,60,7,420,Cash,Mr.,Midnight,420,2023,1,25,1,Wednesday,4,False,7,420,1.0,True
105,2023-01-25,Panipuri,Fastfood,20,8,160,Cash,Mrs.,Evening,160,2023,1,25,1,Wednesday,4,False,8,160,5.0,True
666,2023-01-25,Panipuri,Fastfood,20,9,180,Cash,Mr.,Evening,180,2023,1,25,1,Wednesday,4,False,9,180,5.0,True
867,2023-01-26,Frankie,Fastfood,50,15,750,Cash,Mr.,Midnight,750,2023,1,26,1,Thursday,4,False,15,750,2.0,True
639,2023-01-26,Vadapav,Fastfood,20,14,280,Cash,Mrs.,Morning,280,2023,1,26,1,Thursday,4,False,14,280,7.0,False
998,2023-01-26,Sandwich,Fastfood,60,13,780,Unknown,Mr.,Evening,780,2023,1,26,1,Thursday,4,False,13,780,1.0,True
291,2023-01-27,Frankie,Fastfood,50,8,400,Online,Mrs.,Night,400,2023,1,27,1,Friday,4,False,8,400,2.0,True
521,2023-01-27,Panipuri,Fastfood,20,14,280,Online,Mr.,Morning,280,2023,1,27,1,Friday,4,False,14,280,5.0,True
955,2023-01-27,Sugarcane Juice,Beverages,25,7,175,Online,Mr.,Afternoon,175,2023,1,27,1,Friday,4,False,7,175,4.0,True
301,2023-01-28,Panipuri,Fastfood,20,7,140,Cash,Mr.,Night,140,2023,1,28,1,Saturday,4,True,7,140,5.0,True
851,2023-01-28,Aalopuri,Fastfood,20,15,300,Online,Mrs.,Night,300,2023,1,28,1,Saturday,4,True,15,300,6.0,False
974,2023-01-28,Vadapav,Fastfood,20,13,260,Online,Mr.,Afternoon,260,2023,1,28,1,Saturday,4,True,13,260,7.0,False
30,2023-01-28,Frankie,Fastfood,50,2,100,Cash,Mrs.,Night,100,2023,1,28,1,Saturday,4,True,2,100,2.0,True
284,2023-01-29,Frankie,Fastfood,50,7,350,Unknown,Mr.,Afternoon,350,2023,1,29,1,Sunday,4,True,7,350,2.0,True
420,2023-01-30,Frankie,Fastfood,50,13,650,Online,Mrs.,Evening,650,2023,1,30,1,Monday,5,False,13,650,2.0,True
150,2023-01-30,Cold Coffee,Beverages,40,14,560,Cash,Mr.,Afternoon,560,2023,1,30,1,Monday,5,False,14,560,3.0,True
395,2023-01-31,Sandwich,Fastfood,60,3,180,Cash,Mrs.,Evening,180,2023,1,31,1,Tuesday,5,False,3,180,1.0,True
346,2023-01-31,Cold Coffee,Beverages,40,12,480,Cash,Mr.,Morning,480,2023,1,31,1,Tuesday,5,False,12,480,3.0,True
954,2023-01-31,Aalopuri,Fastfood,20,3,60,Cash,Mrs.,Midnight,60,2023,1,31,1,Tuesday,5,False,3,60,6.0,False
482,2023-01-31,Aalopuri,Fastfood,20,1,20,Online,Mr.,Afternoon,20,2023,1,31,1,Tuesday,5,False,1,20,6.0,False
750,2023-02-01,Frankie,Fastfood,50,1,50,Online,Mr.,Evening,50,2023,2,1,1,Wednesday,5,False,1,50,2.0,True
199,2023-02-01,Frankie,Fastfood,50,6,300,Online,Mrs.,Morning,300,2023,2,1,1,Wednesday,5,False,6,300,2.0,True
626,2023-02-01,Cold Coffee,Beverages,40,15,600,Cash,Mr.,Night,600,2023,2,1,1,Wednesday,5,False,15,600,3.0,True
75,2023-02-02,Cold Coffee,Beverages,40,6,240,Online,Mrs.,Afternoon,240,2023,2,2,1,Thursday,5,False,6,240,3.0,True
476,2023-02-02,Aalopuri,Fastfood,20,10,200,Cash,Mr.,Morning,200,2023,2,2,1,Thursday,5,False,10,200,6.0,False
15,2023-02-03,Aalopuri,Fastfood,20,3,60,Cash,Mrs.,Evening,60,2023,2,3,1,Friday,5,False,3,60,6.0,False
733,2023-02-03,Frankie,Fastfood,50,10,500,Cash,Mr.,Evening,500,2023,2,3,1,Friday,5,False,10,500,2.0,True
58,2023-02-03,Vadapav,Fastfood,20,6,120,Online,Mrs.,Morning,120,2023,2,3,1,Friday,5,False,6,120,7.0,False
489,2023-02-03,Frankie,Fastfood,50,13,650,Online,Mrs.,Evening,650,2023,2,3,1,Friday,5,False,13,650,2.0,True
644,2023-02-03,Panipuri,Fastfood,20,5,100,Online,Mrs.,Evening,100,2023,2,3,1,Friday,5,False,5,100,5.0,True
4,2023-02-03,Sugarcane Juice,Beverages,25,6,150,Online,Mr.,Night,150,2023,2,3,1,Friday,5,False,6,150,4.0,True
841,2023-02-03,Vadapav,Fastfood,20,9,180,Cash,Mr.,Night,180,2023,2,3,1,Friday,5,False,9,180,7.0,False
34,2023-02-04,Frankie,Fastfood,50,12,600,Online,Mrs.,Evening,600,2023,2,4,1,Saturday,5,True,12,600,2.0,True
77,2023-02-04,Sugarcane Juice,Beverages,25,12,300,Cash,Mrs.,Midnight,300,2023,2,4,1,Saturday,5,True,12,300,4.0,True
275,2023-02-04,Vadapav,Fastfood,20,15,300,Online,Mr.,Night,300,2023,2,4,1,Saturday,5,True,15,300,7.0,False
33,2023-02-05,Aalopuri,Fastfood,20,13,260,Online,Mr.,Night,260,2023,2,5,1,Sunday,5,True,13,260,6.0,False
663,2023-02-05,Sugarcane Juice,Beverages,25,1,25,Online,Mr.,Night,25,2023,2,5,1,Sunday,5,True,1,25,4.0,True
706,2023-02-05,Frankie,Fastfood,50,8,400,Online,Mr.,Night,400,2023,2,5,1,Sunday,5,True,8,400,2.0,True
268,2023-02-05,Cold Coffee,Beverages,40,12,480,Cash,Mrs.,Midnight,480,2023,2,5,1,Sunday,5,True,12,480,3.0,True
193,2023-02-05,Cold Coffee,Beverages,40,15,600,Online,Mrs.,Midnight,600,2023,2,5,1,Sunday,5,True,15,600,3.0,True
533,2023-02-05,Frankie,Fastfood,50,2,100,Unknown,Mrs.,Night,100,2023,2,5,1,Sunday,5,True,2,100,2.0,True
40,2023-02-05,Sandwich,Fastfood,60,5,300,Online,Mrs.,Night,300,2023,2,5,1,Sunday,5,True,5,300,1.0,True
635,2023-02-06,Vadapav,Fastfood,20,15,300,Online,Mrs.,Night,300,2023,2,6,1,Monday,6,False,15,300,7.0,False
612,2023-02-06,Aalopuri,Fastfood,20,3,60,Online,Mr.,Midnight,60,2023,2,6,1,Monday,6,False,3,60,6.0,False
296,2023-02-06,Panipuri,Fastfood,20,7,140,Cash,Mrs.,Afternoon,140,2023,2,6,1,Monday,6,False,7,140,5.0,True
940,2023-02-07,Sugarcane Juice,Beverages,25,14,350,Online,Mrs.,Midnight,350,2023,2,7,1,Tuesday,6,False,14,350,4.0,True
107,2023-02-07,Sandwich,Fastfood,60,4,240,Online,Mr.,Afternoon,240,2023,2,7,1,Tuesday,6,False,4,240,1.0,True
776,2023-02-07,Frankie,Fastfood,50,10,500,Cash,Mr.,Midnight,500,2023,2,7,1,Tuesday,6,False,10,500,2.0,True
609,2023-02-07,Aalopuri,Fastfood,20,14,280,Unknown,Mr.,Midnight,280,2023,2,7,1,Tuesday,6,False,14,280,6.0,False
155,2023-02-07,Sugarcane Juice,Beverages,25,10,250,Cash,Mrs.,Evening,250,2023,2,7,1,Tuesday,6,False,10,250,4.0,True
321,2023-02-08,Frankie,Fastfood,50,12,600,Cash,Mrs.,Evening,600,2023,2,8,1,Wednesday,6,False,12,600,2.0,True
957,2023-02-08,Panipuri,Fastfood,20,3,60,Online,Mrs.,Midnight,60,2023,2,8,1,Wednesday,6,False,3,60,5.0,True
189,2023-02-08,Vadapav,Fastfood,20,12,240,Online,Mr.,Afternoon,240,2023,2,8,1,Wednesday,6,False,12,240,7.0,False
641,2023-02-09,Vadapav,Fastfood,20,15,300,Cash,Mr.,Afternoon,300,2023,2,9,1,Thursday,6,False,15,300,7.0,False
941,2023-02-10,Cold Coffee,Beverages,40,10,400,Online,Mrs.,Morning,400,2023,2,10,1,Friday,6,False,10,400,3.0,True
29,2023-02-10,Sugarcane Juice,Beverages,25,9,225,Online,Mr.,Afternoon,225,2023,2,10,1,Friday,6,False,9,225,4.0,True
24,2023-02-11,Sugarcane Juice,Beverages,25,10,250,Online,Mr.,Afternoon,250,2023,2,11,1,Saturday,6,True,10,250,4.0,True
505,2023-02-12,Frankie,Fastfood,50,4,200,Cash,Mr.,Night,200,2023,2,12,1,Sunday,6,True,4,200,2.0,True
471,2023-02-13,Panipuri,Fastfood,20,7,140,Cash,Mrs.,Afternoon,140,2023,2,13,1,Monday,7,False,7,140,5.0,True
621,2023-02-13,Aalopuri,Fastfood,20,2,40,Online,Mrs.,Evening,40,2023,2,13,1,Monday,7,False,2,40,6.0,False
823,2023-02-13,Panipuri,Fastfood,20,11,220,Online,Mr.,Midnight,220,2023,2,13,1,Monday,7,False,11,220,5.0,True
170,2023-02-13,Aalopuri,Fastfood,20,6,120,Unknown,Mrs.,Afternoon,120,2023,2,13,1,Monday,7,False,6,120,6.0,False
307,2023-02-13,Vadapav,Fastfood,20,8,160,Cash,Mr.,Evening,160,2023,2,13,1,Monday,7,False,8,160,7.0,False
479,2023-02-13,Sandwich,Fastfood,60,11,660,Cash,Mrs.,Afternoon,660,2023,2,13,1,Monday,7,False,11,660,1.0,True
477,2023-02-13,Sandwich,Fastfood,60,15,900,Cash,Mrs.,Midnight,900,2023,2,13,1,Monday,7,False,15,900,1.0,True
764,2023-02-14,Sandwich,Fastfood,60,7,420,Cash,Mrs.,Night,420,2023,2,14,1,Tuesday,7,False,7,420,1.0,True
486,2023-02-14,Vadapav,Fastfood,20,6,120,Cash,Mrs.,Midnight,120,2023,2,14,1,Tuesday,7,False,6,120,7.0,False
913,2023-02-15,Frankie,Fastfood,50,15,750,Online,Mr.,Evening,750,2023,2,15,1,Wednesday,7,False,15,750,2.0,True
379,2023-02-15,Cold Coffee,Beverages,40,14,560,Unknown,Mr.,Afternoon,560,2023,2,15,1,Wednesday,7,False,14,560,3.0,True
662,2023-02-15,Panipuri,Fastfood,20,3,60,Online,Mrs.,Afternoon,60,2023,2,15,1,Wednesday,7,False,3,60,5.0,True
723,2023-02-16,Cold Coffee,Beverages,40,10,400,Online,Mr.,Evening,400,2023,2,16,1,Thursday,7,False,10,400,3.0,True
339,2023-02-16,Sugarcane Juice,Beverages,25,1,25,Unknown,Mrs.,Midnight,25,2023,2,16,1,Thursday,7,False,1,25,4.0,True
593,2023-02-16,Sugarcane Juice,Beverages,25,9,225,Cash,Mrs.,Evening,225,2023,2,16,1,Thursday,7,False,9,225,4.0,True
332,2023-02-17,Aalopuri,Fastfood,20,2,40,Unknown,Mrs.,Afternoon,40,2023,2,17,1,Friday,7,False,2,40,6.0,False
935,2023-02-17,Sandwich,Fastfood,60,12,720,Cash,Mr.,Midnight,720,2023,2,17,1,Friday,7,False,12,720,1.0,True
853,2023-02-17,Cold Coffee,Beverages,40,3,120,Online,Mrs.,Midnight,120,2023,2,17,1,Friday,7,False,3,120,3.0,True
840,2023-02-18,Cold Coffee,Beverages,40,15,600,Unknown,Mrs.,Midnight,600,2023,2,18,1,Saturday,7,True,15,600,3.0,True
939,2023-02-19,Vadapav,Fastfood,20,15,300,Online,Mr.,Midnight,300,2023,2,19,1,Sunday,7,True,15,300,7.0,False
315,2023-02-20,Cold Coffee,Beverages,40,13,520,Online,Mrs.,Afternoon,520,2023,2,20,1,Monday,8,False,13,520,3.0,True
207,2023-02-20,Cold Coffee,Beverages,40,8,320,Online,Mrs.,Evening,320,2023,2,20,1,Monday,8,False,8,320,3.0,True
946,2023-02-21,Sandwich,Fastfood,60,8,480,Cash,Mr.,Midnight,480,2023,2,21,1,Tuesday,8,False,8,480,1.0,True
909,2023-02-21,Cold Coffee,Beverages,40,12,480,Online,Mrs.,Morning,480,2023,2,21,1,Tuesday,8,False,12,480,3.0,True
595,2023-02-22,Frankie,Fastfood,50,9,450,Online,Mr.,Afternoon,450,2023,2,22,1,Wednesday,8,False,9,450,2.0,True
770,2023-02-22,Aalopuri,Fastfood,20,8,160,Cash,Mrs.,Morning,160,2023,2,22,1,Wednesday,8,False,8,160,6.0,False
709,2023-02-22,Cold Coffee,Beverages,40,6,240,Cash,Mr.,Morning,240,2023,2,22,1,Wednesday,8,False,6,240,3.0,True
167,2023-02-23,Cold Coffee,Beverages,40,6,240,Cash,Mrs.,Morning,240,2023,2,23,1,Thursday,8,False,6,240,3.0,True
48,2023-02-23,Sandwich,Fastfood,60,14,840,Online,Mr.,Afternoon,840,2023,2,23,1,Thursday,8,False,14,840,1.0,True
696,2023-02-23,Sugarcane Juice,Beverages,25,3,75,Online,Mrs.,Evening,75,2023,2,23,1,Thursday,8,False,3,75,4.0,True
157,2023-02-24,Frankie,Fastfood,50,7,350,Online,Mrs.,Midnight,350,2023,2,24,1,Friday,8,False,7,350,2.0,True
820,2023-02-24,Aalopuri,Fastfood,20,3,60,Unknown,Mr.,Midnight,60,2023,2,24,1,Friday,8,False,3,60,6.0,False
112,2023-02-24,Sandwich,Fastfood,60,7,420,Cash,Mr.,Morning,420,2023,2,24,1,Friday,8,False,7,420,1.0,True
475,2023-02-24,Cold Coffee,Beverages,40,6,240,Cash,Mrs.,Night,240,2023,2,24,1,Friday,8,False,6,240,3.0,True
106,2023-02-25,Frankie,Fastfood,50,9,450,Cash,Mrs.,Evening,450,2023,2,25,1,Saturday,8,True,9,450,2.0,True
792,2023-02-25,Vadapav,Fastfood,20,2,40,Cash,Mrs.,Morning,40,2023,2,25,1,Saturday,8,True,2,40,7.0,False
485,2023-02-26,Aalopuri,Fastfood,20,6,120,Cash,Mrs.,Midnight,120,2023,2,26,1,Sunday,8,True,6,120,6.0,False
381,2023-02-26,Vadapav,Fastfood,20,1,20,Online,Mr.,Morning,20,2023,2,26,1,Sunday,8,True,1,20,7.0,False
767,2023-02-26,Frankie,Fastfood,50,8,400,Cash,Mrs.,Afternoon,400,2023,2,26,1,Sunday,8,True,8,400,2.0,True
139,2023-02-26,Frankie,Fastfood,50,11,550,Online,Mrs.,Night,550,2023,2,26,1,Sunday,8,True,11,550,2.0,True
314,2023-02-27,Frankie,Fastfood,50,8,400,Online,Mrs.,Morning,400,2023,2,27,1,Monday,9,False,8,400,2.0,True
926,2023-02-27,Frankie,Fastfood,50,15,750,Cash,Mrs.,Afternoon,750,2023,2,27,1,Monday,9,False,15,750,2.0,True
556,2023-02-27,Vadapav,Fastfood,20,9,180,Cash,Mrs.,Night,180,2023,2,27,1,Monday,9,False,9,180,7.0,False
608,2023-02-28,Aalopuri,Fastfood,20,1,20,Online,Mr.,Midnight,20,2023,2,28,1,Tuesday,9,False,1,20,6.0,False
818,2023-02-28,Frankie,Fastfood,50,6,300,Cash,Mr.,Night,300,2023,2,28,1,Tuesday,9,False,6,300,2.0,True
536,2023-03-01,Sugarcane Juice,Beverages,25,7,175,Cash,Mrs.,Evening,175,2023,3,1,1,Wednesday,9,False,7,175,4.0,True
884,2023-03-01,Vadapav,Fastfood,20,12,240,Online,Mr.,Night,240,2023,3,1,1,Wednesday,9,False,12,240,7.0,False
738,2023-03-01,Sandwich,Fastfood,60,4,240,Online,Mrs.,Morning,240,2023,3,1,1,Wednesday,9,False,4,240,1.0,True
914,2023-03-01,Sandwich,Fastfood,60,14,840,Cash,Mr.,Night,840,2023,3,1,1,Wednesday,9,False,14,840,1.0,True
455,2023-03-01,Cold Coffee,Beverages,40,11,440,Cash,Mr.,Midnight,440,2023,3,1,1,Wednesday,9,False,11,440,3.0,True
325,2023-03-02,Aalopuri,Fastfood,20,12,240,Unknown,Mrs.,Afternoon,240,2023,3,2,1,Thursday,9,False,12,240,6.0,False
811,2023-03-02,Aalopuri,Fastfood,20,13,260,Cash,Mr.,Afternoon,260,2023,3,2,1,Thursday,9,False,13,260,6.0,False
171,2023-03-02,Vadapav,Fastfood,20,11,220,Cash,Mrs.,Midnight,220,2023,3,2,1,Thursday,9,False,11,220,7.0,False
898,2023-03-02,Frankie,Fastfood,50,8,400,Cash,Mr.,Afternoon,400,2023,3,2,1,Thursday,9,False,8,400,2.0,True
84,2023-03-03,Panipuri,Fastfood,20,13,260,Cash,Mr.,Midnight,260,2023,3,3,1,Friday,9,False,13,260,5.0,True
890,2023-03-03,Sugarcane Juice,Beverages,25,5,125,Cash,Mrs.,Morning,125,2023,3,3,1,Friday,9,False,5,125,4.0,True
179,2023-03-03,Sugarcane Juice,Beverages,25,5,125,Unknown,Mrs.,Midnight,125,2023,3,3,1,Friday,9,False,5,125,4.0,True
306,2023-03-03,Cold Coffee,Beverages,40,8,320,Online,Mrs.,Morning,320,2023,3,3,1,Friday,9,False,8,320,3.0,True
654,2023-03-04,Vadapav,Fastfood,20,9,180,Cash,Mrs.,Morning,180,2023,3,4,1,Saturday,9,True,9,180,7.0,False
400,2023-03-04,Cold Coffee,Beverages,40,15,600,Cash,Mrs.,Morning,600,2023,3,4,1,Saturday,9,True,15,600,3.0,True
262,2023-03-05,Vadapav,Fastfood,20,5,100,Unknown,Mrs.,Evening,100,2023,3,5,1,Sunday,9,True,5,100,7.0,False
585,2023-03-05,Vadapav,Fastfood,20,11,220,Cash,Mrs.,Morning,220,2023,3,5,1,Sunday,9,True,11,220,7.0,False
267,2023-03-05,Vadapav,Fastfood,20,1,20,Cash,Mr.,Morning,20,2023,3,5,1,Sunday,9,True,1,20,7.0,False
305,2023-03-05,Panipuri,Fastfood,20,4,80,Unknown,Mrs.,Morning,80,2023,3,5,1,Sunday,9,True,4,80,5.0,True
908,2023-03-06,Sandwich,Fastfood,60,7,420,Cash,Mrs.,Night,420,2023,3,6,1,Monday,10,False,7,420,1.0,True
454,2023-03-07,Sandwich,Fastfood,60,1,60,Online,Mrs.,Evening,60,2023,3,7,1,Tuesday,10,False,1,60,1.0,True
216,2023-03-07,Panipuri,Fastfood,20,9,180,Cash,Mrs.,Afternoon,180,2023,3,7,1,Tuesday,10,False,9,180,5.0,True
38,2023-03-08,Panipuri,Fastfood,20,12,240,Online,Mrs.,Night,240,2023,3,8,1,Wednesday,10,False,12,240,5.0,True
624,2023-03-08,Sandwich,Fastfood,60,9,540,Cash,Mrs.,Morning,540,2023,3,8,1,Wednesday,10,False,9,540,1.0,True
554,2023-03-09,Panipuri,Fastfood,20,4,80,Cash,Mrs.,Afternoon,80,2023,3,9,1,Thursday,10,False,4,80,5.0,True
731,2023-03-09,Frankie,Fastfood,50,10,500,Cash,Mrs.,Afternoon,500,2023,3,9,1,Thursday,10,False,10,500,2.0,True
412,2023-03-09,Sugarcane Juice,Beverages,25,14,350,Unknown,Mr.,Afternoon,350,2023,3,9,1,Thursday,10,False,14,350,4.0,True
117,2023-03-09,Frankie,Fastfood,50,7,350,Online,Mrs.,Evening,350,2023,3,9,1,Thursday,10,False,7,350,2.0,True
72,2023-03-09,Frankie,Fastfood,50,13,650,Online,Mr.,Afternoon,650,2023,3,9,1,Thursday,10,False,13,650,2.0,True
86,2023-03-09,Aalopuri,Fastfood,20,15,300,Cash,Mr.,Morning,300,2023,3,9,1,Thursday,10,False,15,300,6.0,False
317,2023-03-10,Aalopuri,Fastfood,20,12,240,Online,Mrs.,Afternoon,240,2023,3,10,1,Friday,10,False,12,240,6.0,False
862,2023-03-10,Frankie,Fastfood,50,7,350,Online,Mr.,Night,350,2023,3,10,1,Friday,10,False,7,350,2.0,True
972,2023-03-11,Aalopuri,Fastfood,20,1,20,Cash,Mrs.,Afternoon,20,2023,3,11,1,Saturday,10,True,1,20,6.0,False
342,2023-03-11,Vadapav,Fastfood,20,7,140,Online,Mr.,Afternoon,140,2023,3,11,1,Saturday,10,True,7,140,7.0,False
904,2023-03-12,Aalopuri,Fastfood,20,4,80,Cash,Mrs.,Midnight,80,2023,3,12,1,Sunday,10,True,4,80,6.0,False
786,2023-03-13,Sandwich,Fastfood,60,14,840,Online,Mrs.,Night,840,2023,3,13,1,Monday,11,False,14,840,1.0,True
102,2023-03-13,Cold Coffee,Beverages,40,14,560,Cash,Mr.,Morning,560,2023,3,13,1,Monday,11,False,14,560,3.0,True
961,2023-03-14,Frankie,Fastfood,50,13,650,Cash,Mr.,Night,650,2023,3,14,1,Tuesday,11,False,13,650,2.0,True
103,2023-03-14,Cold Coffee,Beverages,40,8,320,Online,Mrs.,Midnight,320,2023,3,14,1,Tuesday,11,False,8,320,3.0,True
708,2023-03-15,Sandwich,Fastfood,60,5,300,Cash,Mrs.,Midnight,300,2023,3,15,1,Wednesday,11,False,5,300,1.0,True
451,2023-03-15,Sugarcane Juice,Beverages,25,10,250,Cash,Mrs.,Midnight,250,2023,3,15,1,Wednesday,11,False,10,250,4.0,True
710,2023-03-15,Sandwich,Fastfood,60,15,900,Unknown,Mr.,Night,900,2023,3,15,1,Wednesday,11,False,15,900,1.0,True
186,2023-03-15,Frankie,Fastfood,50,2,100,Online,Mr.,Afternoon,100,2023,3,15,1,Wednesday,11,False,2,100,2.0,True
774,2023-03-15,Vadapav,Fastfood,20,1,20,Online,Mrs.,Night,20,2023,3,15,1,Wednesday,11,False,1,20,7.0,False
355,2023-03-15,Cold Coffee,Beverages,40,4,160,Online,Mr.,Midnight,160,2023,3,15,1,Wednesday,11,False,4,160,3.0,True
431,2023-03-16,Panipuri,Fastfood,20,6,120,Online,Mr.,Evening,120,2023,3,16,1,Thursday,11,False,6,120,5.0,True
225,2023-03-16,Frankie,Fastfood,50,11,550,Cash,Mrs.,Evening,550,2023,3,16,1,Thursday,11,False,11,550,2.0,True
52,2023-03-16,Sugarcane Juice,Beverages,25,12,300,Cash,Mrs.,Midnight,300,2023,3,16,1,Thursday,11,False,12,300,4.0,True
256,2023-03-16,Aalopuri,Fastfood,20,3,60,Online,Mrs.,Midnight,60,2023,3,16,1,Thursday,11,False,3,60,6.0,False
983,2023-03-17,Cold Coffee,Beverages,40,10,400,Unknown,Mrs.,Night,400,2023,3,17,1,Friday,11,False,10,400,3.0,True
387,2023-03-17,Sugarcane Juice,Beverages,25,14,350,Cash,Mrs.,Midnight,350,2023,3,17,1,Friday,11,False,14,350,4.0,True
320,2023-03-18,Sugarcane Juice,Beverages,25,7,175,Cash,Mrs.,Afternoon,175,2023,3,18,1,Saturday,11,True,7,175,4.0,True
669,2023-03-18,Sandwich,Fastfood,60,11,660,Online,Mr.,Evening,660,2023,3,18,1,Saturday,11,True,11,660,1.0,True
996,2023-03-19,Frankie,Fastfood,50,10,500,Unknown,Mrs.,Evening,500,2023,3,19,1,Sunday,11,True,10,500,2.0,True
894,2023-03-19,Sandwich,Fastfood,60,15,900,Cash,Mr.,Morning,900,2023,3,19,1,Sunday,11,True,15,900,1.0,True
148,2023-03-19,Sandwich,Fastfood,60,13,780,Online,Mr.,Evening,780,2023,3,19,1,Sunday,11,True,13,780,1.0,True
341,2023-03-19,Frankie,Fastfood,50,9,450,Cash,Mrs.,Evening,450,2023,3,19,1,Sunday,11,True,9,450,2.0,True
402,2023-03-19,Frankie,Fastfood,50,7,350,Cash,Mr.,Night,350,2023,3,19,1,Sunday,11,True,7,350,2.0,True
966,2023-03-19,Panipuri,Fastfood,20,11,220,Online,Mrs.,Morning,220,2023,3,19,1,Sunday,11,True,11,220,5.0,True
137,2023-03-19,Sugarcane Juice,Beverages,25,6,150,Unknown,Mr.,Afternoon,150,2023,3,19,1,Sunday,11,True,6,150,4.0,True
772,2023-03-20,Cold Coffee,Beverages,40,9,360,Cash,Mr.,Evening,360,2023,3,20,1,Monday,12,False,9,360,3.0,True
484,2023-03-21,Cold Coffee,Beverages,40,5,200,Cash,Mrs.,Afternoon,200,2023,3,21,1,Tuesday,12,False,5,200,3.0,True
302,2023-03-21,Aalopuri,Fastfood,20,14,280,Cash,Mr.,Night,280,2023,3,21,1,Tuesday,12,False,14,280,6.0,False
91,2023-03-22,Cold Coffee,Beverages,40,6,240,Unknown,Mrs.,Evening,240,2023,3,22,1,Wednesday,12,False,6,240,3.0,True
224,2023-03-23,Sugarcane Juice,Beverages,25,14,350,Cash,Mr.,Afternoon,350,2023,3,23,1,Thursday,12,False,14,350,4.0,True
576,2023-03-23,Panipuri,Fastfood,20,12,240,Cash,Mrs.,Afternoon,240,2023,3,23,1,Thursday,12,False,12,240,5.0,True
217,2023-03-23,Cold Coffee,Beverages,40,10,400,Cash,Mr.,Morning,400,2023,3,23,1,Thursday,12,False,10,400,3.0,True
421,2023-03-24,Cold Coffee,Beverages,40,2,80,Online,Mr.,Midnight,80,2023,3,24,1,Friday,12,False,2,80,3.0,True
702,2023-03-25,Cold Coffee,Beverages,40,13,520,Cash,Mrs.,Afternoon,520,2023,3,25,1,Saturday,12,True,13,520,3.0,True
787,2023-03-25,Aalopuri,Fastfood,20,2,40,Cash,Mrs.,Afternoon,40,2023,3,25,1,Saturday,12,True,2,40,6.0,False
156,2023-03-25,Panipuri,Fastfood,20,14,280,Cash,Mr.,Midnight,280,2023,3,25,1,Saturday,12,True,14,280,5.0,True
252,2023-03-26,Vadapav,Fastfood,20,8,160,Online,Mr.,Midnight,160,2023,3,26,1,Sunday,12,True,8,160,7.0,False
221,2023-03-26,Sandwich,Fastfood,60,1,60,Online,Mr.,Evening,60,2023,3,26,1,Sunday,12,True,1,60,1.0,True
101,2023-03-26,Vadapav,Fastfood,20,3,60,Online,Mrs.,Morning,60,2023,3,26,1,Sunday,12,True,3,60,7.0,False
775,2023-03-27,Sandwich,Fastfood,60,6,360,Cash,Mr.,Night,360,2023,3,27,1,Monday,13,False,6,360,1.0,True
432,2023-03-27,Panipuri,Fastfood,20,6,120,Online,Mr.,Afternoon,120,2023,3,27,1,Monday,13,False,6,120,5.0,True
532,2023-03-27,Panipuri,Fastfood,20,13,260,Online,Mrs.,Midnight,260,2023,3,27,1,Monday,13,False,13,260,5.0,True
590,2023-03-27,Panipuri,Fastfood,20,15,300,Online,Mr.,Midnight,300,2023,3,27,1,Monday,13,False,15,300,5.0,True
97,2023-03-29,Cold Coffee,Beverages,40,13,520,Online,Mr.,Evening,520,2023,3,29,1,Wednesday,13,False,13,520,3.0,True
548,2023-03-29,Cold Coffee,Beverages,40,14,560,Cash,Mr.,Afternoon,560,2023,3,29,1,Wednesday,13,False,14,560,3.0,True
982,2023-03-30,Sugarcane Juice,Beverages,25,14,350,Cash,Mrs.,Night,350,2023,3,30,1,Thursday,13,False,14,350,4.0,True
